-- ============================================================
--  PROJET FINAL - Algo & BDD
--  MSc2 Manager Data Marketing - INSEEC
--  Dataset : Olist Brazilian E-Commerce (données réelles)
--  Sujet   : Segmentation client RFM
-- ============================================================

DROP DATABASE IF EXISTS ecommerce_rfm;
CREATE DATABASE ecommerce_rfm CHARACTER SET utf8mb4 COLLATE utf8mb4_unicode_ci;
USE ecommerce_rfm;

CREATE TABLE customers (
    customer_id     VARCHAR(50)  NOT NULL,
    customer_city   VARCHAR(100) NOT NULL,
    customer_state  VARCHAR(5)   NOT NULL,
    created_at      TIMESTAMP    DEFAULT CURRENT_TIMESTAMP,
    CONSTRAINT pk_customers PRIMARY KEY (customer_id)
);
CREATE TABLE products (
    product_id          VARCHAR(50)  NOT NULL,
    product_category    VARCHAR(100) NOT NULL,
    product_weight_g    DECIMAL(10,2),
    product_length_cm   DECIMAL(10,2),
    product_height_cm   DECIMAL(10,2),
    product_width_cm    DECIMAL(10,2),
    CONSTRAINT pk_products PRIMARY KEY (product_id)
);
CREATE TABLE orders (
    order_id                    VARCHAR(50)  NOT NULL,
    customer_id                 VARCHAR(50)  NOT NULL,
    order_status                VARCHAR(30)  NOT NULL,
    order_purchase_timestamp    TIMESTAMP    NOT NULL,
    order_delivered_timestamp   TIMESTAMP    NULL,
    CONSTRAINT pk_orders        PRIMARY KEY (order_id),
    CONSTRAINT fk_orders_cust   FOREIGN KEY (customer_id) REFERENCES customers(customer_id)
);
CREATE TABLE order_items (
    order_id        VARCHAR(50)    NOT NULL,
    product_id      VARCHAR(50)    NOT NULL,
    order_item_id   INT            NOT NULL,
    seller_id       VARCHAR(50),
    price           DECIMAL(10,2)  NOT NULL,
    freight_value   DECIMAL(10,2)  NOT NULL DEFAULT 0,
    CONSTRAINT pk_order_items      PRIMARY KEY (order_id, product_id, order_item_id),
    CONSTRAINT fk_items_order      FOREIGN KEY (order_id)   REFERENCES orders(order_id),
    CONSTRAINT fk_items_product    FOREIGN KEY (product_id) REFERENCES products(product_id)
);
CREATE TABLE order_payments (
    order_id            VARCHAR(50)   NOT NULL,
    payment_sequential  INT           NOT NULL,
    payment_type        VARCHAR(30)   NOT NULL,
    payment_installments INT          NOT NULL DEFAULT 1,
    payment_value       DECIMAL(10,2) NOT NULL,
    CONSTRAINT pk_payments     PRIMARY KEY (order_id, payment_sequential),
    CONSTRAINT fk_pay_order    FOREIGN KEY (order_id) REFERENCES orders(order_id)
);
CREATE TABLE rfm_segments (
    customer_id     VARCHAR(50)   NOT NULL,
    recency_days    INT           NOT NULL,
    frequency       INT           NOT NULL,
    monetary        DECIMAL(10,2) NOT NULL,
    r_score         INT           NOT NULL,
    f_score         INT           NOT NULL,
    m_score         INT           NOT NULL,
    rfm_score       INT           NOT NULL,
    segment         VARCHAR(50)   NOT NULL,
    computed_at     TIMESTAMP     DEFAULT CURRENT_TIMESTAMP,
    CONSTRAINT pk_rfm          PRIMARY KEY (customer_id),
    CONSTRAINT fk_rfm_cust     FOREIGN KEY (customer_id) REFERENCES customers(customer_id)
);
CREATE OR REPLACE VIEW vue_client_resume AS
SELECT
    c.customer_id, c.customer_city, c.customer_state,
    COUNT(DISTINCT o.order_id)     AS nb_commandes,
    ROUND(SUM(p.payment_value), 2) AS ca_client,
    ROUND(AVG(p.payment_value), 2) AS panier_moyen,
    MAX(o.order_purchase_timestamp) AS derniere_commande,
    DATEDIFF(CURDATE(), MAX(o.order_purchase_timestamp)) AS jours_depuis_achat
FROM customers c
LEFT JOIN orders o         ON c.customer_id = o.customer_id
LEFT JOIN order_payments p ON o.order_id    = p.order_id
WHERE o.order_status != 'canceled' OR o.order_status IS NULL
GROUP BY c.customer_id, c.customer_city, c.customer_state;
DELIMITER $$
CREATE PROCEDURE GetTopClients(IN p_limit INT, IN p_state VARCHAR(5))
BEGIN
    SELECT c.customer_id, c.customer_city, c.customer_state,
           COUNT(DISTINCT o.order_id) AS nb_commandes,
           ROUND(SUM(p.payment_value), 2) AS ca_total
    FROM customers c
    JOIN orders o         ON c.customer_id = o.customer_id
    JOIN order_payments p ON o.order_id    = p.order_id
    WHERE o.order_status = 'delivered'
      AND (p_state IS NULL OR c.customer_state = p_state)
    GROUP BY c.customer_id, c.customer_city, c.customer_state
    ORDER BY ca_total DESC
    LIMIT p_limit;
END$$
DELIMITER ;

-- ============================================================
-- INSERTION DES DONNÉES RÉELLES
-- ============================================================

INSERT INTO customers (customer_id, customer_city, customer_state) VALUES
('41ce2a54c0b03bf3443c3d931a367089', 'vianopolis', 'GO'),
('7f8c8b9c2ae27bf3300f670c3d478be8', 'feira de santana', 'BA'),
('569cf68214806a39acc0f39344aea67f', 'cruz das almas', 'BA'),
('d3e3b74c766bc6214e0c830b17ee2341', 'ouro preto', 'MG'),
('d2b091571da224a1b36412c18bc3bbfe', 'sao paulo', 'SP'),
('0489975a325480c9e385e9f135bb13c3', 'franca', 'SP'),
('3b6828a50ffe546942b7a473d70ac0fc', 'goiania', 'GO'),
('df5c9e02596851fcbfc98804e4108bbd', 'capelinha', 'MG'),
('fc849c5fbc7e2b0c7cfebc138886c693', 'tocos', 'RJ'),
('148348ff65384b4249b762579532e248', 'paranavai', 'PR'),
('86ff82570097f39b2193254f540e4a69', 'gaucha do norte', 'MT'),
('4f28355e5c17a4a42d3ce2439a1d4501', 'rio de janeiro', 'RJ'),
('68c85132eb3b96fbe6cbddc09a568d24', 'sao paulo', 'SP'),
('38ccd077e65d89b8a720be73bfaa9c6f', 'trindade do sul', 'RS'),
('15bea20cd005ed59d34db54c6b32ec98', 'dores do indaia', 'MG'),
('3187789bec990987628d7a9beb4dd6ac', 'imbituba', 'SC'),
('803ac05904124294f8767894d6da532b', 'bonfinopolis de minas', 'MG'),
('8628fac2267e8c8804525da99c10ed0e', 'palmas', 'PR'),
('c39bde0d4030d5e31e654f0c20db9786', 'sao jose dos campos', 'SP'),
('4fa1cd166fa598be6de80fa84eaade43', 'sao paulo', 'SP'),
('d68901955dc622165460ba6cb4ac49f3', 'atibaia', 'SP'),
('330ca6b207006779da875ef48faef608', 'sao paulo', 'SP'),
('cf8ffeddf027932e51e4eae73b384059', 'santa barbara d''oeste', 'SP'),
('48558a50a7ba1aab61891936d2ca7681', 'jequitai', 'MG'),
('b896b244963dc7543d400ad82d6710e0', 'sao paulo', 'SP'),
('8b212b9525f9e74e85e37ed6df37693e', 'sao carlos', 'SP'),
('c77ee2d8ba1614a4d489a44166894938', 'uberaba', 'MG'),
('35ec6c1ca9e5844c5ca94214cce16dca', 'juiz de fora', 'MG'),
('be8c14c16a4d47194ccdfe10f1fc5b1a', 'cosmopolis', 'SP'),
('5e320e6a4f03e2e74bc22e1158237fbe', 'caxias do sul', 'RS'),
('61449fa1b8b8998c9c3f3a7f0ae954ef', 'mairipora', 'SP'),
('243ee97e01766bf68c3e30f0fe572490', 'varzea paulista', 'SP'),
('f5618502bee8eafdee72fb6955e2ebdf', 'carapicuiba', 'SP'),
('3df704f53d3f1d4818840b34ec672a9f', 'sao paulo', 'SP'),
('fb9590a1e30e0ba8304ea73a31325797', 'itanhaem', 'SP'),
('67407057a7d5ee17d1cd09523f484d13', 'rio de janeiro', 'RJ'),
('d68585c54450af4bfc04cc6cccbcd607', 'jau', 'SP'),
('afb19a4b667cb708caab312757ec3d3f', 'cuiaba', 'MT'),
('be0db8a12224c280772baf2ccb468e5e', 'recife', 'PE'),
('241e78de29b3090cfa1b5d73a8130c72', 'sao paulo', 'SP'),
('2d8748fb35d51c2fd273ee67fff78b7a', 'curitiba', 'PR'),
('f7398fc942c8fa80e5419ae52e49f7fb', 'barueri', 'SP'),
('62b423aab58096ca514ba6aa06be2f98', 'sorocaba', 'SP'),
('494dded5b201313c64ed7f100595b95c', 'rio de janeiro', 'RJ'),
('e28dd4261bed9c7ba89ecaf411b88f7c', 'itajai', 'SC'),
('4afc1dcca5fe8926fc97d60a4497f8ab', 'sao paulo', 'SP'),
('761df82feda9778854c6dafdaeb567e4', 'boa vista', 'RR'),
('5232c22d7ed2b631db6b2cab74b2c5f2', 'ribeirao preto', 'SP'),
('9e5ce657315b2bdb94033a494041ac25', 'palhoca', 'SC'),
('9a80c8377644236e27f59e83862f1ae2', 'piracaia', 'SP'),
('48f239e15744ed5e7ffbafc6bb6e882b', 'salvador', 'BA'),
('cf9e2b07f78cce347089900f49fb4746', 'sao paulo', 'SP'),
('82f0b75bb50fcb30711e5277e36b3983', 'sao paulo', 'SP'),
('d0e6cb83a3fc27f56be011b2941f54c6', 'belo horizonte', 'MG'),
('0f5b40f9925b49675464fb74869c6547', 'rio de janeiro', 'RJ'),
('5a771152dd93d31af819d708942afec6', 'sao jose', 'SC'),
('f5458ddc3545711efa883dd7ae7c4497', 'ibiapina', 'CE'),
('295ae9b35379e077273387ff64354b6f', 'quata', 'SP'),
('819b0aa9b717f6d78c0f72211bafebe3', 'sao paulo', 'SP'),
('6454e6cba392b35aa21527063026fc92', 'sao bernardo do campo', 'SP'),
('3a874b4d4c4b6543206ff5d89287f0c3', 'rio de janeiro', 'RJ'),
('5883f965ac70043c2e908c3657c5d548', 'brasilia', 'DF'),
('b60550c21000f91484c7d2aa2b8c522e', 'caxias do sul', 'RS'),
('f54a9f0e6b351c431402b8461ea51999', 'faxinalzinho', 'RS'),
('d4cd9729eeca5306a2c039fe6e55601e', 'curitiba', 'PR'),
('b80feb27fb4955a21bca55fdb039af17', 'osasco', 'SP'),
('9e3a06f863456c3934b9d26037c119cd', 'lencois paulista', 'SP'),
('456dc10730fbdba34615447ea195d643', 'sao paulo', 'SP'),
('c572fd6cdd98e87ea2bc433b6da21078', 'ariquemes', 'RO'),
('6968ea6ff6368619de4d031a15d5c9a6', 'osorio', 'RS'),
('3c628393675b42c6b5ef89461f68ecef', 'belo horizonte', 'MG'),
('d19f254a07da73a055409256e9bfe40a', 'americana', 'SP'),
('9a4900710ff76d73cb3a0d152e73adf0', 'uruguaiana', 'RS'),
('f178c1827f67a8467b0385b7378d951a', 'taubate', 'SP'),
('0bf19317b1830a69e55b40710576aa7a', 'jundiai', 'SP'),
('1690401c1e48c9526a79e72ba8c069a2', 'macapa', 'AP'),
('3a017955f82b5bf61bb51aec865a01ca', 'aruja', 'SP'),
('4fd75fb5ef1f01c7585bf746092a1544', 'lencois paulista', 'SP'),
('8644be24d48806bc3a88fd59fb47ceb1', 'brasilia', 'DF'),
('3391c4bc11a817e7973e498b0b023158', 'sao paulo', 'SP'),
('fee181bf648906d1c57f84f216976286', 'tapiratiba', 'SP'),
('74805bc388861fa350ed2fade8444e0b', 'uberlandia', 'MG'),
('e42998ccffc48dc87bf70b37e2d61f33', 'espera feliz', 'MG'),
('e8a332c3433fbd37920ec89fc295d075', 'porto alegre', 'RS'),
('1755fad7863475346bc6c3773fe055d3', 'santa barbara d''oeste', 'SP'),
('6772a0a230a2667d16c3620f000e1348', 'santa luzia', 'PB'),
('4632eb5a8f175f6fe020520ae0c678f3', 'sao paulo', 'SP'),
('d9ef95f98d8da3b492bb8c0447910498', 'mesquita', 'RJ'),
('4c9c7c2b6de6ee2568681b5599bb7495', 'sao paulo', 'SP'),
('059f7fc5719c7da6cbafe370971a8d70', 'hortolandia', 'SP'),
('ee8e1d37f563ecc11cc4dcb4dfd794c2', 'sao paulo', 'SP'),
('167b9485947ed0a354a3f8dad04eb199', 'barueri', 'SP'),
('ddaff536587109b89777e0353215e150', 'paracambi', 'RJ'),
('a338f42b6e47cb49d5c5128a348b76ba', 'ibirite', 'MG'),
('228da462edabbbc68e6d265087499705', 'macae', 'RJ'),
('dd5095632e3953fc0947b8ab5176b0be', 'brasilia', 'DF'),
('0a11cb0fb65032da800b780afcc1a1b7', 'curitiba', 'PR'),
('8d3d362741da05c706eb55001bdfa1b9', 'sao paulo', 'SP'),
('df9b032b2ad0fd6bf37dfb48e5f83845', 'irineopolis', 'SC'),
('684fa6da5134b9e4dab731e00011712d', 'aracaju', 'SE'),
('b53cc3c992caaa45ec73cfdde4d839b5', 'nova floresta', 'PB'),
('c69f8b33e62ecb30ff78ae46d7fb9241', 'sao joao de meriti', 'RJ'),
('13fd7ce9f08449dec2533119379a2527', 'serra', 'ES'),
('83257fb6f3a1edd3a75464178aa3f382', 'salesopolis', 'SP'),
('2b56e94c2f66f2d97cfa63356f69cee8', 'flores da cunha', 'RS'),
('9f6618c17568ac301465fe7ad056c674', 'antonio cardoso', 'BA'),
('c1ddb7521d14db9071dccad0a94305c2', 'sao paulo', 'SP'),
('aa601b3c45980c0918042d5ca7a25054', 'itapevi', 'SP'),
('29cb486c739f9774c8eb542e07b56cd2', 'brasilia', 'DF'),
('525125633cfc0f64d4a991240953f2b5', 'farroupilha', 'RS'),
('22eb8142d6313bab19fa6c657170ae6b', 'serra do ramalho', 'BA'),
('85aa7dc7ea24c96b5ac7864f13922495', 'nao-me-toque', 'RS'),
('5f16605299d698660e0606f7eae2d2f9', 'alvorada', 'TO'),
('a4a2abd07b1cdd4902cf245cdfa1451d', 'brasilia', 'DF'),
('f88197465ea7920adcdbec7375364d82', 'sao goncalo do amarante', 'RN'),
('5dda11942d4f77bee3a46d71e442aec4', 'boninal', 'BA'),
('cc3590e4afbb4b3e056b50a80a6a7d0c', 'rio de janeiro', 'RJ'),
('e1862648f338ecaf4242e8e2b59126ca', 'joao pinheiro', 'MG'),
('a90391a47de936d56c66a5366cba1462', 'bom jardim de minas', 'MG'),
('9916715c2ab6ee1710c9c32f0a534ad2', 'rio de janeiro', 'RJ'),
('7251aa758779438faea714941f1051c4', 'sao paulo', 'SP'),
('6feea03756fd7ef4fb37d8f7e44aaeb9', 'curitiba', 'PR'),
('fa5c31ea5a141cb29a683b6420f2693a', 'santo antonio do descoberto', 'GO'),
('636e15840ab051faa13d3f781b6e4233', 'ribeirao preto', 'SP'),
('a51b373c427132a77b112ca10f502c4f', 'sao paulo', 'SP'),
('d006bd8339ac9891923132af6408f557', 'itu', 'SP'),
('8ab97904e6daea8866dbdbc4fb7aad2c', 'santo andre', 'SP'),
('388025bec8128ff20ec1a316ed4dcf02', 'cascavel', 'PR'),
('c7340080e394356141681bd4c9b8fe31', 'presidente venceslau', 'SP'),
('8ed14e450a6268ec13f325e7c2eafeed', 'blumenau', 'SC'),
('503740e9ca751ccdda7ba28e9ab8f608', 'congonhinhas', 'PR'),
('dd854e24b40e3bc2b306946dee252015', 'ipatinga', 'MG'),
('2528510465c7572dedee4431a7d52e08', 'aracatuba', 'SP'),
('816f8653d5361cbf94e58c33f2502a5c', 'sao paulo', 'SP'),
('9ef432eb6251297304e76186b10a928d', 'sao paulo', 'SP'),
('d4faa220408c20e53595d2950f361f3b', 'marica', 'RJ'),
('68451b39b1314302c08c65a29f1140fc', 'rio de janeiro', 'RJ'),
('2e068340b3037f667ce3224bd59260af', 'sao paulo', 'SP'),
('b673f0597cb0c4d12778f731045f361a', 'gravatai', 'RS'),
('eecf2b94cdbe9ef6245fabb5e091c987', 'itapeva', 'SP'),
('3a897024068ed42a183de61d5727d866', 'sao paulo', 'SP'),
('2c3642e1392097fb4af76a76fec16a46', 'guaruja', 'SP'),
('fbfba770bf13f470f63d1854a765a2d3', 'sao paulo', 'SP'),
('52142aa69d8d0e1247ab0cada0f76023', 'palmares', 'PE'),
('55e6b290205c84ddd23ddf5eb134efd4', 'paulinia', 'SP'),
('a9d37ddc8ba4d9f6dbac7d8ec378cc95', 'joinville', 'SC'),
('b0830fb4747a6c6d20dea0b8c802d7ef', 'barreiras', 'BA'),
('597950088114c1a9e2b27459051f40ff', 'americana', 'SP'),
('bb2f5e670f7155dc622c57e4b31d0a69', 'sao paulo', 'SP'),
('fac60d7c4df3896a5af5db6c91e03797', 'franca', 'SP'),
('756fb9391752dad934e0fe3733378e57', 'luis eduardo magalhaes', 'BA'),
('5bb39c890c91b1d26801aa19a9336eac', 'sao paulo', 'SP'),
('a78b75a2ad06180de06b82857ca442b3', 'natal', 'RN'),
('4924a47e8cd5630b3564e26fac55c5ec', 'guarulhos', 'SP'),
('7e20bf5ca92da68200643bda76c504c6', 'salvador', 'BA'),
('2a1dfb647f32f4390e7b857c67458536', 'jaboatao dos guararapes', 'PE'),
('cce89a605105b148387c52e286ac8335', 'santo andre', 'SP'),
('328d7a69cb9cbaf088eed3ed778804bb', 'mato leitao', 'RS'),
('0b9e85491c194a97516c87f30a93abfa', 'muriae', 'MG'),
('738b086814c6fcc74b8cc583f8516ee3', 'rio de janeiro', 'RJ'),
('81e08b08e5ed4472008030d70327c71f', 'juiz de fora', 'MG'),
('911e4c37f5cafe1604fe6767034bf1ae', 'campinas', 'SP'),
('9c338ea8093192e203bc16add78c123c', 'curitiba', 'PR'),
('f26a435864aebedff7f7c84f82ee229f', 'poa', 'SP'),
('7d986867cfcd083f25ad4f692bd2df06', 'paragominas', 'PA'),
('078d86e7bf40b188f0e5ed6d866c21c4', 'mogi das cruzes', 'SP'),
('9bdf08b4b3b52b5526ff42d37d47f222', 'nilopolis', 'RJ'),
('a559b10d4f093640a0ed4693ce16ed02', 'osasco', 'SP'),
('64fb950e760ec8b0db79154a1fa9c1bf', 'sorocaba', 'SP'),
('bf141bf67fbe428d558bcf0e018eab60', 'belo horizonte', 'MG'),
('3135962ee745ef39b85576df7ddbaa99', 'alto santo', 'CE'),
('1833a0540067becaf59368fe4cd4303a', 'sao paulo', 'SP'),
('7f2178c5d771e17f507d3c1637339298', 'sao paulo', 'SP'),
('c622b892a190735ef81c0087973fa16d', 'flor da serra do sul', 'PR'),
('79183cd650e2bb0d475b0067d45946ac', 'porto alegre', 'RS'),
('332df68ccac2f2f7d9e11299188f8bce', 'presidente kubitschek', 'MG'),
('ef15b3240b2083e0487762ee2978d2b8', 'barueri', 'SP'),
('62ffae18a7ca4b2e681c6296180ae346', 'rio de janeiro', 'RJ'),
('a166da34890074091a942054b36e4265', 'blumenau', 'SC'),
('f5afca14dfa9dc64251cf2b45c54c363', 'duque de caxias', 'RJ'),
('b7ee9b824b4a83b389379ac70585bf3b', 'sao miguel do araguaia', 'GO'),
('31ad1d1b63eb9962463f764d4e6e0c9d', 'sorocaba', 'SP'),
('65ee4aa816cda8ad41e05c75e1cb691e', 'rio de janeiro', 'RJ'),
('7711cf624183d843aafe81855097bc37', 'sao paulo', 'SP'),
('a8331c35b57d8fe09e8df1c06509de29', 'porto alegre do norte', 'MT'),
('818596f5b68adfe2c11498ebb6d39e02', 'rio de janeiro', 'RJ'),
('72ae281627a6102d9b3718528b420f8a', 'sao paulo', 'SP'),
('a2cb2bc236e62cf807925d6cecc245c6', 'governador valadares', 'MG'),
('12fd2740039676063a874b9567dfa651', 'sao jose dos campos', 'SP'),
('2b47ff70d422cc3ada976dea40f48782', 'rio de janeiro', 'RJ'),
('19402a48fe860416adf93348aba37740', 'sao paulo', 'SP'),
('9b18f3fc296990b97854e351334a32f6', 'carapicuiba', 'SP'),
('de62761e79f4ae4169cab45ed5f36026', 'varzea grande', 'MT'),
('05e996469a2bf9559c7122b87e156724', 'portao', 'RS'),
('57ee2ef64f17a5f9a4bf30489b06326c', 'niteroi', 'RJ'),
('56dfafb543cfa4c2edcc08b9b2c5f0c6', 'sao paulo', 'SP'),
('d0e71d7a6dbca8ac513ac63d08a81fa0', 'sao caetano do sul', 'SP'),
('3b9388d1014c8090f77595c5e9f2ce94', 'curitiba', 'PR'),
('2932d241d1f31e6df6c701d52370ae02', 'sao paulo', 'SP'),
('93ada7a24817edda9f4ab998fa823d16', 'ribeirao preto', 'SP');

INSERT INTO products (product_id, product_category, product_weight_g, product_length_cm, product_height_cm, product_width_cm) VALUES
('278b3c6462e86b4556b99989513ddf73', 'eletroportateis', 350.0, 20.0, 20.0, 20.0),
('3014e35fd70fce29095ced5cdc89f4ce', 'telefonia', 125.0, 17.0, 10.0, 14.0),
('9a5a361f3cd6c280f6bf4ffb6207c51e', 'papelaria', 200.0, 23.0, 7.0, 15.0),
('99b4596b82b6f75d453160c9c75e01f4', 'artigos_de_festas', 1550.0, 23.0, 17.0, 18.0),
('1e56c680b07833e85fec6904b2c7e4b8', 'pet_shop', 200.0, 27.0, 9.0, 26.0),
('b5c114b11d53b6fd85a6a90790f0b479', 'utilidades_domesticas', 267.0, 24.0, 15.0, 12.0),
('15a9e834e89eab39d973492882c658d6', 'cama_mesa_banho', 949.0, 30.0, 20.0, 26.0),
('c7079d23bead81759eb7c670b96728bc', 'esporte_lazer', 600.0, 50.0, 12.0, 18.0),
('978859c6048ded0fa8bf3b9ea8236387', 'utilidades_domesticas', 350.0, 33.0, 4.0, 20.0),
('db56f6d2b04c89eae4daba188842fd7b', 'malas_acessorios', 12450.0, 40.0, 25.0, 57.0),
('154e7e31ebfa092203795c972e5804a6', 'beleza_saude', 100.0, 20.0, 15.0, 15.0),
('20a8603c265d777e25da064113d556f5', 'telefonia', 475.0, 17.0, 14.0, 14.0),
('8d1cfc0463b545928bfb4e589e017bd4', 'market_place', 175.0, 17.0, 10.0, 19.0),
('87285b34884572647811a353c7ac498a', 'utilidades_domesticas', 500.0, 19.0, 8.0, 13.0),
('78efe838c04bbc568be034082200ac20', 'moveis_decoracao', 2500.0, 40.0, 10.0, 30.0),
('7bdb28a55646012fb3348058d629d9bc', 'instrumentos_musicais', 2750.0, 103.0, 12.0, 17.0),
('1ebd1450a2b8d51ffda696956426024a', 'cama_mesa_banho', 300.0, 26.0, 3.0, 21.0),
('74e47bd907dc11882c23f4c4ce14031f', 'informatica_acessorios', 350.0, 20.0, 15.0, 20.0),
('2a15783d3cb601f8d9a6a86806b037b3', 'bebes', 600.0, 38.0, 5.0, 33.0),
('2028bf1b01cafb2d2b1901fca4083222', 'perfumaria', 250.0, 20.0, 8.0, 21.0),
('7c1bd920dbdf22470b68bde975dd3ccf', 'beleza_saude', 200.0, 22.0, 10.0, 18.0),
('b37b72d5a56f887725c2862184b8cab8', 'telefonia', 150.0, 19.0, 4.0, 11.0),
('ac1789e492dcd698c5c10b97a671243a', 'moveis_decoracao', 300.0, 35.0, 35.0, 15.0),
('1613b819ab5dae53aead2dbb4ebdb378', 'automotivo', 50.0, 17.0, 10.0, 15.0),
('1f75be631e988bb0ad750e60e18d043b', 'beleza_saude', 200.0, 25.0, 10.0, 15.0),
('17efcba3c09566b89c945ef563f381d2', 'esporte_lazer', 1150.0, 46.0, 10.0, 15.0),
('f410090aec61f7c73748ca894286edcd', 'papelaria', 450.0, 35.0, 50.0, 12.0),
('e251ebd2858be1aa7d9b2087a6992580', 'ferramentas_jardim', 8875.0, 40.0, 14.0, 43.0),
('1501b0033c68a37fa9560033a440e529', 'eletroportateis', 410.0, 24.0, 22.0, 17.0),
('71225f49be70df4297892f6a5fa62171', 'outros', 200.0, 16.0, 2.0, 11.0),
('43ee88561093499d9e571d4db5f20b79', 'moveis_decoracao', 200.0, 20.0, 20.0, 20.0),
('f8a8f05a35976a91aed5cccc3992c357', 'moveis_decoracao', 1500.0, 45.0, 15.0, 35.0),
('7564c1759c04fc0a38f2aa84f7a370ee', 'construcao_ferramentas_construcao', 1200.0, 16.0, 11.0, 11.0),
('ebd7c847c1e1cb69ec374ae0ebee1f4c', 'moveis_decoracao', 1200.0, 40.0, 15.0, 30.0),
('2b4609f8948be18874494203496bc318', 'beleza_saude', 250.0, 22.0, 10.0, 18.0),
('f2e53dd1670f3c376518263b3f71424d', 'cama_mesa_banho', 1975.0, 41.0, 13.0, 31.0),
('9e2d3a8d8ffad53e2e35282a2020221c', 'moveis_decoracao', 1600.0, 35.0, 6.0, 32.0),
('aba86c093ccdbac75b09111d57e50004', 'moveis_escritorio', 2600.0, 40.0, 45.0, 39.0),
('9820e04e332fc450d6fd975befc1bc28', 'outros', 10800.0, 40.0, 40.0, 30.0),
('c7df652246ed7b3300aaf46960c141e4', 'beleza_saude', 683.0, 29.0, 15.0, 22.0),
('2d8f2be4f08788ee3bf5356af2b2ee6c', 'climatizacao', 100.0, 27.0, 13.0, 17.0),
('f7d7b5c58704fb359a74580622800051', 'cama_mesa_banho', 950.0, 45.0, 15.0, 35.0),
('304fad8dc4d2012dc4062839972f2d96', 'construcao_ferramentas_construcao', 1700.0, 16.0, 11.0, 11.0),
('b77dd6385638733dd46bf68b093715b7', 'telefonia', 150.0, 19.0, 5.0, 11.0),
('0efb0a47500c44e05a5930cae12307d4', 'malas_acessorios', 18400.0, 53.0, 77.0, 33.0),
('60184212dae4e6b0da32bf54271a8c4a', 'relogios_presentes', 394.0, 17.0, 11.0, 14.0),
('fde90f06296b26995fd0de6f16610d70', 'construcao_ferramentas_jardim', 1650.0, 22.0, 14.0, 14.0),
('d1c427060a0f73f6b889a5c7c61f2ac4', 'informatica_acessorios', 6550.0, 20.0, 20.0, 20.0),
('cf944645d4ff2a3eed3ae17f641ea861', 'fashion_underwear_e_moda_praia', 450.0, 42.0, 4.0, 14.0),
('6893767814d1ac82a81bcd365e1cc918', 'eletronicos', 200.0, 25.0, 7.0, 16.0),
('afeeea6271148ee1bb15173b8187c431', 'telefonia', 450.0, 17.0, 3.0, 11.0),
('d70f38e7f79c630f8ea00c993897042c', 'bebes', 10950.0, 41.0, 40.0, 40.0),
('4520766ec412348b8d4caa5e8a18c464', 'automotivo', 50.0, 16.0, 16.0, 17.0),
('5ac9d9e379c606e36a8094a6046f75dc', 'beleza_saude', 525.0, 21.0, 16.0, 13.0),
('3940247162a820eff119efe47b02182f', 'eletroportateis', 518.0, 29.0, 19.0, 23.0),
('83b00325c13c44245b2c3a2befa62a0e', 'bebes', 10700.0, 40.0, 40.0, 40.0),
('9d2ff462feaaf88912539b8647e17ab4', 'informatica_acessorios', 813.0, 32.0, 16.0, 16.0),
('72d3bf1d3a790f8874096fcf860e3eff', 'brinquedos', 583.0, 20.0, 21.0, 20.0),
('013ee64977aaa6b2b25475095162e0e9', 'cama_mesa_banho', 1350.0, 45.0, 10.0, 55.0),
('64d0feb1bcf9c7fe7b5dad3271c10910', 'moveis_decoracao', 750.0, 25.0, 15.0, 35.0),
('4b703444923b5e57bb73ba343f5ebab7', 'cama_mesa_banho', 264.0, 17.0, 14.0, 16.0),
('5f42d57952b7815098979a5c4fa6f82a', 'beleza_saude', 150.0, 22.0, 3.0, 15.0),
('ac480ada5f06d9024eae2c6dd9de4c74', 'perfumaria', 200.0, 20.0, 7.0, 20.0),
('08574b074924071f4e201e151b152b4e', 'ferramentas_jardim', 9000.0, 42.0, 12.0, 39.0),
('30469bb5ea377eae7121981e2f0778e4', 'esporte_lazer', 5950.0, 20.0, 30.0, 80.0),
('e0d64dcfaa3b6db5c54ca298ae101d05', 'relogios_presentes', 4338.0, 17.0, 12.0, 14.0),
('e9a69340883a438c3f91739d14d3a56d', 'utilidades_domesticas', 3000.0, 33.0, 12.0, 34.0),
('9b37a918bcf2c8e1064e867cf1df4637', 'eletronicos', 1207.0, 20.0, 10.0, 20.0),
('65266b2da20d04dbe00c5c2d3bb7859e', 'papelaria', 250.0, 51.0, 15.0, 15.0),
('00baba5b58e274d0332a0c8a0a66f877', 'perfumaria', 200.0, 18.0, 7.0, 12.0),
('672e757f331900b9deea127a2a7b79fd', 'agro_industria_e_comercio', 2650.0, 30.0, 30.0, 20.0),
('044f05bc9de36e8a693a83e4bc79dd0d', 'telefonia', 300.0, 17.0, 4.0, 12.0),
('aa4383b373c6aca5d8797843e5594415', 'automotivo', 420.0, 24.0, 19.0, 21.0),
('f497ba62f1d6b4f6a3a3266fa8623ad3', 'beleza_saude', 83.0, 13.0, 8.0, 12.0),
('ed739dfa91e2c770354726fe0bf9cc72', 'utilidades_domesticas', 250.0, 22.0, 5.0, 14.0),
('2f774e1d1ee6937ae8294771c662066d', 'ferramentas_jardim', 800.0, 40.0, 6.0, 15.0),
('59a5c66f3c04b01ccdb9362174f6ecdf', 'informatica_acessorios', 650.0, 17.0, 11.0, 11.0),
('a5a0e71a81ae65aa335e71c06261e260', 'utilidades_domesticas', 705.0, 34.0, 22.0, 28.0),
('c0db539123a403f670c50237d970b215', 'ferramentas_jardim', 850.0, 20.0, 20.0, 20.0),
('28b5fef7b6d63771e9784bc68c783793', 'eletrodomesticos', 1500.0, 65.0, 8.0, 38.0),
('aca2eb7d00ea1a7b8ebd4e68314663af', 'moveis_decoracao', 2600.0, 50.0, 10.0, 30.0),
('2a2d22ae30e026f1893083c8405ca522', 'cama_mesa_banho', 8350.0, 50.0, 27.0, 38.0),
('c6c1f263e076bd9c1f1640250a5d0c29', 'perfumaria', 425.0, 24.0, 12.0, 16.0),
('6b64362e89896be7589621df54be089e', 'moveis_decoracao', 3000.0, 69.0, 11.0, 11.0),
('4d071a22b9cc548b64a75075a4c63151', 'eletrodomesticos', 750.0, 22.0, 7.0, 22.0),
('f7e0fa615b386bc9a8b9eb52bc1fff76', 'informatica_acessorios', 325.0, 21.0, 21.0, 21.0),
('617186c3d97ea56c9c683a8a3974e8c1', 'perfumaria', 550.0, 21.0, 12.0, 20.0),
('7a10781637204d8d10485c71a6108a2e', 'relogios_presentes', 342.0, 18.0, 13.0, 15.0),
('9451e630d725c4bb7a5a206b48b99486', 'bebes', 350.0, 31.0, 10.0, 12.0),
('4005df5f887f3c2529f363671fc8f4a5', 'beleza_saude', 2200.0, 23.0, 23.0, 20.0),
('eab67bf937aaadc19f83383a331d2dd9', 'moveis_escritorio', 10975.0, 53.0, 51.0, 18.0),
('ba4bfbf74dbe7ab37e263b9326da0523', 'esporte_lazer', 650.0, 24.0, 10.0, 20.0),
('0ec96e6d31a1493b0475805c9ae1a0a2', 'moveis_decoracao', 1450.0, 24.0, 18.0, 18.0),
('90b58782fdd04cb829667fcc41fb65f5', 'moveis_escritorio', 7417.0, 102.0, 46.0, 11.0),
('79da264732f717f10ebf5d102aa6c32a', 'telefonia', 150.0, 17.0, 8.0, 14.0),
('7d1fc7d682f6a5c8e47437e3540f4415', 'cool_stuff', 3400.0, 37.0, 27.0, 22.0),
('f9a7825fa51f487b8a48f67e9efced8c', 'esporte_lazer', 2600.0, 30.0, 10.0, 30.0),
('68a058d125ba1544e726898f0b8c0523', 'moveis_escritorio', 10475.0, 52.0, 51.0, 17.0),
('c827fb43ad0fb8708f34c2911fdc164b', 'esporte_lazer', 10600.0, 26.0, 30.0, 26.0),
('cfc4861ae14c9e9e7679355f863c18d4', 'automotivo', 150.0, 23.0, 3.0, 16.0),
('ba74c6b75d2ad7503175809688d5a03c', 'relogios_presentes', 292.0, 17.0, 8.0, 12.0),
('de89f330c497e12d2510c2cd2a48a29f', 'telefonia', 605.0, 16.0, 14.0, 16.0),
('51c59cf09066762ba5740772b0a86215', 'esporte_lazer', 350.0, 28.0, 25.0, 25.0),
('12bc892d6fff0dc42c8177f3665ef00e', 'beleza_saude', 100.0, 28.0, 13.0, 12.0),
('952670bc019a73f0933157ec82ff6e4f', 'cama_mesa_banho', 3300.0, 60.0, 18.0, 50.0),
('c1234c80dafde7ef3311b3eabd5069ed', 'cama_mesa_banho', 300.0, 20.0, 2.0, 15.0),
('5e2ba75ad255ff60b1c76c5bf526ae9b', 'beleza_saude', 500.0, 20.0, 8.0, 20.0),
('ad1128daf194f4b6ac4256e16233497c', 'telefonia', 100.0, 16.0, 3.0, 11.0),
('120fa011365fc39efe382cba4e50999e', 'cama_mesa_banho', 2050.0, 34.0, 8.0, 32.0),
('1dceebcc5f23c02ea23e16d5bedca000', 'cds_dvds_musicais', 550.0, 35.0, 15.0, 25.0),
('163e6400e6dadd0fe04775c5e9331fda', 'bebes', 500.0, 47.0, 10.0, 36.0),
('009c09f439988bc06a93d6b8186dce73', 'perfumaria', 150.0, 20.0, 20.0, 20.0),
('4d8f78374f31cd4b4932c1f2a42c4674', 'perfumaria', 100.0, 16.0, 16.0, 11.0),
('7b717060aa783eb7f23a747a3a733dd7', 'cool_stuff', 500.0, 16.0, 12.0, 22.0),
('9ecadb84c81da840dbf3564378b586e9', 'moveis_decoracao', 950.0, 20.0, 35.0, 20.0),
('060cb19345d90064d1015407193c233d', 'automotivo', 7150.0, 65.0, 10.0, 65.0),
('7f457254a89d62960399e075711b3deb', 'automotivo', 300.0, 17.0, 4.0, 12.0),
('72a97c271b2e429974398f46b93ae530', 'perfumaria', 450.0, 16.0, 17.0, 16.0),
('216bb0e0cd43ffd832e0973d35e0377e', 'construcao_ferramentas_iluminacao', 200.0, 16.0, 16.0, 16.0),
('a47295965bd091207681b541b26e40a5', 'telefonia', 300.0, 17.0, 4.0, 12.0),
('bb7181410b4e02f93f3697f765db53c7', 'bebes', 14950.0, 77.0, 20.0, 53.0),
('28a652ff04e43c1bc57937a9f8770f9b', 'papelaria', 7700.0, 28.0, 55.0, 37.0),
('1600dcf1cea8c0c83702e07b577ab231', 'relogios_presentes', 250.0, 16.0, 2.0, 20.0),
('7fb04722aba7a2b632bac8f9819796f3', 'beleza_saude', 1850.0, 24.0, 36.0, 23.0),
('461f43be3bdf8844e65b62d9ac2c7a5a', 'relogios_presentes', 444.0, 20.0, 14.0, 16.0),
('689b01074243aeee72049c8da42d2e22', 'brinquedos', 900.0, 30.0, 25.0, 20.0),
('ff922797a6771cab4e0c51d482285ec3', 'market_place', 1725.0, 31.0, 8.0, 33.0),
('7a295e6687ed3e00c8143498115f6ca5', 'beleza_saude', 353.0, 36.0, 6.0, 16.0),
('7e0dc102074f8285580c9777f79c90cf', 'ferramentas_jardim', 800.0, 30.0, 10.0, 30.0),
('dbb67791e405873b259e4656bf971246', 'informatica_acessorios', 207.0, 17.0, 12.0, 13.0),
('c63857f1b80521fbf01eb987423d0ccd', 'esporte_lazer', 150.0, 30.0, 18.0, 18.0),
('595fac2a385ac33a80bd5114aec74eb8', 'perfumaria', 400.0, 19.0, 13.0, 19.0),
('22f5b63060a1185e5ec7721efd622321', 'cama_mesa_banho', 400.0, 90.0, 6.0, 12.0),
('bff2010b28e8fbcff5a9db9d3fea5ac4', 'ferramentas_jardim', 850.0, 90.0, 20.0, 20.0),
('af0a99476d96dcc1a1baa7c0d9ff6b9d', 'beleza_saude', 593.0, 30.0, 13.0, 16.0),
('c35498fbb4358837ae16850f50c3fd22', 'telefonia', 325.0, 19.0, 8.0, 22.0),
('807b2de93dbb064bbc82dc6ac963bc61', 'moveis_decoracao', 500.0, 16.0, 30.0, 16.0),
('eef7436637ac87cad6bf5108284c3413', 'relogios_presentes', 342.0, 18.0, 12.0, 16.0),
('e7db7c40ea6647c808d48581f1308d88', 'bebes', 9400.0, 75.0, 15.0, 50.0),
('4ce99ff9dcb7821acd8e599d5d4a6531', 'esporte_lazer', 450.0, 35.0, 10.0, 11.0),
('b3be1f83cef05668c25e134852d44545', 'cama_mesa_banho', 1750.0, 42.0, 11.0, 36.0),
('821a07e1e2a0382df1f3761ae3cd435c', 'cama_mesa_banho', 1550.0, 46.0, 3.0, 34.0),
('721b56b7d205d6750e97716593bcb370', 'beleza_saude', 2550.0, 35.0, 30.0, 13.0),
('c3ba4e8d3cb30049213b682e751e9d00', 'relogios_presentes', 350.0, 16.0, 2.0, 20.0),
('6d68112743e7ed2de3932554b033f544', 'livros_tecnicos', 500.0, 90.0, 11.0, 11.0),
('cafd558df4c3c9d1c338ba6930ea9a62', 'bebes', 16450.0, 44.0, 70.0, 32.0),
('97f1396a5a1f7c07ba51784efdec44b8', 'utilidades_domesticas', 1400.0, 43.0, 18.0, 18.0),
('058b372f969b59e8c4a27e224243909c', 'papelaria', 5650.0, 20.0, 30.0, 20.0),
('d457916b4fdc60154ed93b5dd3e6fd69', 'construcao_ferramentas_construcao', 10000.0, 30.0, 20.0, 30.0),
('ffd4bf4306745865e5692f69bd237893', 'fashion_bolsas_e_acessorios', 150.0, 16.0, 16.0, 16.0),
('638bbb2a5e4f360b71f332ddfebfd672', 'construcao_ferramentas_construcao', 20850.0, 100.0, 25.0, 50.0),
('75d6b6963340c6063f7f4cfcccfe6a30', 'perfumaria', 400.0, 18.0, 11.0, 20.0),
('1ec486885049bbb9b79351d150ed18c4', 'fashion_bolsas_e_acessorios', 100.0, 16.0, 5.0, 20.0),
('a659cb33082b851fb87a33af8f0fff29', 'automotivo', 150.0, 16.0, 6.0, 11.0),
('73e0db4719016f90a37238ca8e5a1cab', 'casa_conforto', 3050.0, 20.0, 30.0, 46.0),
('6906f6d2bb318a3cbb5351653e93ceb4', 'beleza_saude', 6150.0, 58.0, 60.0, 16.0),
('a6ad77b15e566298a4e8ee2011ab1255', 'moveis_decoracao', 3450.0, 23.0, 35.0, 35.0),
('e932008cf0ea7c93a077dd8d7e5f49eb', 'climatizacao', 7350.0, 105.0, 10.0, 40.0),
('77ccbcf251886c8b83676fc918e7336c', 'pet_shop', 200.0, 27.0, 9.0, 26.0),
('89321f94e35fc6d7903d36f74e351d40', 'alimentos', 150.0, 17.0, 13.0, 13.0),
('b69eb25e3a4def8e9cddee18712e0c5e', 'cool_stuff', 7750.0, 34.0, 33.0, 33.0),
('0cd9f302c8a5b076ffa5c3567c6705fd', 'informatica_acessorios', 200.0, 36.0, 2.0, 28.0),
('cdd914e78124a73cc28a165cfc4a0bbc', 'livros_tecnicos', 1800.0, 29.0, 3.0, 21.0),
('04a4e9d8c0dc6b2b4b8e24ea78a8f318', 'esporte_lazer', 500.0, 50.0, 12.0, 18.0),
('e99d69efe684efaa643f99805f7c81bc', 'papelaria', 600.0, 33.0, 13.0, 25.0),
('f889fb87b505b73de10c18b93352469f', 'beleza_saude', 150.0, 22.0, 3.0, 15.0),
('303719bf7adc0897358c3dcc3c7a6190', 'brinquedos', 2100.0, 47.0, 37.0, 15.0),
('be021417a6acb56b9b50d3fd2714baa8', 'utilidades_domesticas', 14300.0, 38.0, 34.0, 34.0),
('cce679660c66e6fbd5c8091dfd29e9cd', 'cama_mesa_banho', 250.0, 40.0, 4.0, 30.0),
('3dd6c9d499e7c311a29e08afe1fd8fc6', 'cool_stuff', 250.0, 19.0, 12.0, 12.0),
('1b88c133317c3f2b8c53b6048f2dc8b6', 'cama_mesa_banho', 6200.0, 20.0, 30.0, 30.0),
('c415aad99ee06e0fe8a58c09d3598ef7', 'beleza_saude', 2267.0, 22.0, 13.0, 18.0),
('4bb4fb9c85785b75ab4f6559900c7ca1', 'telefonia', 150.0, 19.0, 4.0, 20.0),
('9a469eaf45dfbc43d39ba1977a3c07af', 'cama_mesa_banho', 700.0, 40.0, 4.0, 30.0),
('425db55cb3b0f5b18a2d9964da31c3c0', 'papelaria', 450.0, 25.0, 15.0, 25.0),
('cac9e5692471a0700418aa3400b9b2b1', 'bebes', 375.0, 29.0, 14.0, 20.0),
('8695c431b31927efef5343e675f279e7', 'perfumaria', 450.0, 23.0, 8.0, 15.0),
('5526b1ae9ab2688cf600783cece249df', 'informatica_acessorios', 200.0, 16.0, 16.0, 16.0),
('9a78fb9862b10749a117f7fc3c31f051', 'moveis_escritorio', 9750.0, 42.0, 41.0, 42.0),
('7ae5c4294636a8ccd3d8574daa6d7d21', 'moveis_escritorio', 12700.0, 58.0, 20.0, 58.0),
('1deda1acffb44ed38494667d7e49a9f3', 'esporte_lazer', 1150.0, 27.0, 12.0, 17.0),
('10adb53d8faa890ca7c2f0cbcb68d777', 'cama_mesa_banho', 200.0, 16.0, 10.0, 16.0),
('7bbf8eb1681f6f8ec4b6f0c1c6934718', 'pet_shop', 800.0, 35.0, 8.0, 35.0),
('58a84286399d234f7234d54d9daf6418', 'beleza_saude', 2450.0, 30.0, 12.0, 16.0),
('28f2e74ecd7f12eab02ca9b3c2bd9c5f', 'utilidades_domesticas', 1100.0, 16.0, 20.0, 26.0),
('a50acd33ba7a8da8e9db65094fa990a4', 'automotivo', 4105.0, 67.0, 10.0, 67.0),
('6a8631b72a2f8729b91514db87e771c0', 'eletronicos', 100.0, 17.0, 6.0, 11.0),
('4ff38de0673d41a0da1499e300720ef6', 'beleza_saude', 125.0, 20.0, 16.0, 19.0),
('d0b61bfb1de832b15ba9d266ca96e5b0', 'pet_shop', 450.0, 30.0, 10.0, 20.0),
('389d119b48cf3043d311335e499d9c6b', 'ferramentas_jardim', 1750.0, 37.0, 22.0, 40.0),
('8c591ab0ca519558779df02023177f44', 'ferramentas_jardim', 6050.0, 20.0, 20.0, 20.0),
('cd935d283d47f1050c505e1c39c48b67', 'esporte_lazer', 281.0, 30.0, 14.0, 25.0),
('a01d1cbb398e386a4a8f8364401a7584', 'esporte_lazer', 500.0, 50.0, 5.0, 30.0),
('12087840651e83b48206b82c213b76fd', 'esporte_lazer', 1813.0, 30.0, 13.0, 28.0),
('f48eb5c2fde13ca63664f0bb05f55346', 'esporte_lazer', 100.0, 20.0, 11.0, 11.0),
('69d980b4120a76616d7b237d731d6156', 'relogios_presentes', 600.0, 16.0, 11.0, 12.0),
('996ae0a67e63b78b427a1f8d07543e86', 'cama_mesa_banho', 1500.0, 48.0, 6.0, 39.0),
('8c66104d520634a3b6e20c1f326767de', 'esporte_lazer', 9350.0, 105.0, 15.0, 28.0),
('39a9942865c056ed2006a5e8c11d9537', 'brinquedos', 800.0, 37.0, 14.0, 37.0),
('42a2c92a0979a949ca4ea89ec5c7b934', 'utilidades_domesticas', 7000.0, 26.0, 47.0, 27.0),
('f1d116eef76f1c526a5f2c5ce1daeaeb', 'telefonia', 200.0, 16.0, 14.0, 15.0),
('f35927953ed82e19d06ad3aac2f06353', 'livros_interesse_geral', 450.0, 20.0, 20.0, 20.0),
('092be1e8336fc404c57bd5970d056886', 'alimentos', 750.0, 16.0, 12.0, 15.0),
('a0b7d5a992ccda646f2d34e418fff5a0', 'moveis_decoracao', 12300.0, 40.0, 40.0, 40.0);

INSERT INTO orders (order_id, customer_id, order_status, order_purchase_timestamp, order_delivered_timestamp) VALUES
('e481f51cbdc54678b7cc49136f2d6af7', '9ef432eb6251297304e76186b10a928d', 'delivered', '2017-10-02 10:56:33', '2017-10-10 21:25:13'),
('53cdb2fc8bc7dce0b6741e2150273451', 'b0830fb4747a6c6d20dea0b8c802d7ef', 'delivered', '2018-07-24 20:41:37', '2018-08-07 15:27:45'),
('47770eb9100c2d0c44946d9cf07ec65d', '41ce2a54c0b03bf3443c3d931a367089', 'delivered', '2018-08-08 08:38:49', '2018-08-17 18:06:29'),
('949d5b44dbf5de918fe9c16f97b45f8a', 'f88197465ea7920adcdbec7375364d82', 'delivered', '2017-11-18 19:28:06', '2017-12-02 00:28:42'),
('ad21c59c0840e6cb83a9ceb5573f8159', '8ab97904e6daea8866dbdbc4fb7aad2c', 'delivered', '2018-02-13 21:18:39', '2018-02-16 18:17:02'),
('a4591c265e18cb1dcee52889e2d8acc3', '503740e9ca751ccdda7ba28e9ab8f608', 'delivered', '2017-07-09 21:57:05', '2017-07-26 10:57:55'),
('6514b8ad8028c9f2cc2374ded245783f', '9bdf08b4b3b52b5526ff42d37d47f222', 'delivered', '2017-05-16 13:10:30', '2017-05-26 12:55:51'),
('76c6e866289321a7c93b82b54852dc33', 'f54a9f0e6b351c431402b8461ea51999', 'delivered', '2017-01-23 18:29:09', '2017-02-02 14:08:10'),
('e69bfb5eb88e0ed6a785585b27e16dbf', '31ad1d1b63eb9962463f764d4e6e0c9d', 'delivered', '2017-07-29 11:55:02', '2017-08-16 17:14:30'),
('e6ce16cb79ec1d90b1da9085a6118aeb', '494dded5b201313c64ed7f100595b95c', 'delivered', '2017-05-16 19:41:10', '2017-05-29 11:18:31'),
('34513ce0c4fab462a55830c0989c7edb', '7711cf624183d843aafe81855097bc37', 'delivered', '2017-07-13 19:58:11', '2017-07-19 14:04:48'),
('82566a660a982b15fb86e904c8d32918', 'd3e3b74c766bc6214e0c830b17ee2341', 'delivered', '2018-06-07 10:06:19', '2018-06-19 12:05:52'),
('5ff96c15d0b717ac6ad1f3d77225a350', '19402a48fe860416adf93348aba37740', 'delivered', '2018-07-25 17:44:10', '2018-07-30 15:52:25'),
('432aaf21d85167c2c86ec9448c4e42cc', '3df704f53d3f1d4818840b34ec672a9f', 'delivered', '2018-03-01 14:14:28', '2018-03-12 23:36:26'),
('dcb36b511fcac050b97cd5c05de84dc3', '3b6828a50ffe546942b7a473d70ac0fc', 'delivered', '2018-06-07 19:03:12', '2018-06-21 15:34:32'),
('403b97836b0c04a622354cf531062e5f', '738b086814c6fcc74b8cc583f8516ee3', 'delivered', '2018-01-02 19:00:43', '2018-01-20 01:38:59'),
('116f0b09343b49556bbad5f35bee0cdf', '3187789bec990987628d7a9beb4dd6ac', 'delivered', '2017-12-26 23:41:31', '2018-01-08 22:36:36'),
('85ce859fd6dc634de8d2f1e290444043', '059f7fc5719c7da6cbafe370971a8d70', 'delivered', '2017-11-21 00:03:41', '2017-11-27 18:28:00'),
('83018ec114eee8641c97e08f7b4e926f', '7f8c8b9c2ae27bf3300f670c3d478be8', 'delivered', '2017-10-26 15:54:26', '2017-11-08 22:22:00'),
('203096f03d82e0dffbc41ebc2e2bcfb7', 'd2b091571da224a1b36412c18bc3bbfe', 'delivered', '2017-09-18 14:31:30', '2017-10-09 22:23:46'),
('f848643eec1d69395095eb3840d2051e', '4fa1cd166fa598be6de80fa84eaade43', 'delivered', '2018-03-15 08:52:40', '2018-03-19 18:08:32'),
('2807d0e504d6d4894d41672727bc139f', '72ae281627a6102d9b3718528b420f8a', 'delivered', '2018-02-03 20:37:35', '2018-02-08 16:13:46'),
('95266dbfb7e20354baba07964dac78d5', 'a166da34890074091a942054b36e4265', 'delivered', '2018-01-08 07:55:29', '2018-01-26 17:32:38'),
('f3e7c359154d965827355f39d6b1fdac', '62b423aab58096ca514ba6aa06be2f98', 'delivered', '2018-08-09 11:44:40', '2018-08-13 18:24:27'),
('fbf9ac61453ac646ce8ad9783d7d0af6', '3a874b4d4c4b6543206ff5d89287f0c3', 'delivered', '2018-02-20 23:46:53', '2018-03-21 22:03:54'),
('acce194856392f074dbf9dada14d8d82', '7e20bf5ca92da68200643bda76c504c6', 'delivered', '2018-06-04 00:00:13', '2018-06-16 15:20:55'),
('dd78f560c270f1909639c11b925620ea', '8b212b9525f9e74e85e37ed6df37693e', 'delivered', '2018-03-12 01:50:26', '2018-03-21 14:41:50'),
('91b2a010e1e45e6ba3d133fa997597be', 'cce89a605105b148387c52e286ac8335', 'delivered', '2018-05-02 11:45:38', '2018-05-16 20:56:24'),
('ecab90c9933c58908d3d6add7c6f5ae3', '761df82feda9778854c6dafdaeb567e4', 'delivered', '2018-02-25 13:50:30', '2018-03-27 23:29:14'),
('f70a0aff17df5a6cdd9a7196128bd354', '456dc10730fbdba34615447ea195d643', 'delivered', '2017-08-10 11:58:33', '2017-08-18 14:28:02'),
('1790eea0b567cf50911c057cf20f90f9', '52142aa69d8d0e1247ab0cada0f76023', 'delivered', '2018-04-16 21:15:39', '2018-05-05 12:28:34'),
('989225ba6d0ebd5873335f7e01de2ae7', '816f8653d5361cbf94e58c33f2502a5c', 'delivered', '2017-12-12 13:56:04', '2018-01-03 18:03:36'),
('d887b52c6516beb39e8cd44a5f8b60f7', 'd9ef95f98d8da3b492bb8c0447910498', 'delivered', '2018-02-03 12:38:58', '2018-02-22 00:07:55'),
('b276e4f8c0fb86bd82fce576f21713e0', 'cf8ffeddf027932e51e4eae73b384059', 'delivered', '2018-07-29 23:34:51', '2018-07-31 22:48:50'),
('8563039e855156e48fccee4d611a3196', '5f16605299d698660e0606f7eae2d2f9', 'delivered', '2018-02-17 15:59:46', '2018-03-20 00:59:25'),
('60550084e6b4c0cb89a87df1f3e5ebd9', 'f5458ddc3545711efa883dd7ae7c4497', 'delivered', '2018-02-21 18:15:12', '2018-03-13 23:58:43'),
('5acce57f8d9dfd55fa48e212a641a69d', '295ae9b35379e077273387ff64354b6f', 'delivered', '2017-07-31 21:37:10', '2017-08-08 21:24:41'),
('434d158e96bdd6972ad6e6d73ddcfd22', '2a1dfb647f32f4390e7b857c67458536', 'delivered', '2018-06-01 12:23:13', '2018-06-18 21:32:52'),
('7206b86ea789983f7a273ea7fa0bc2a8', '3391c4bc11a817e7973e498b0b023158', 'delivered', '2018-03-26 17:12:18', '2018-04-05 22:11:18'),
('1e7aff52cdbb2451ace09d0f848c3699', 'ddaff536587109b89777e0353215e150', 'delivered', '2017-05-19 18:53:40', '2017-05-31 13:58:46'),
('6ea2f835b4556291ffdc53fa0b3b95e8', 'c7340080e394356141681bd4c9b8fe31', 'delivered', '2017-11-24 21:27:48', '2017-12-28 18:59:23'),
('948097deef559c742e7ce321e5e58919', '8644be24d48806bc3a88fd59fb47ceb1', 'delivered', '2017-08-04 17:10:39', '2017-08-12 14:08:40'),
('d22e9fa5731b9e30e8b27afcdc2f8563', '756fb9391752dad934e0fe3733378e57', 'delivered', '2018-08-04 23:25:30', '2018-08-13 23:34:42'),
('6ebaec694d7025e2ad4a05dba887c032', '4f28355e5c17a4a42d3ce2439a1d4501', 'delivered', '2017-05-18 13:55:47', '2017-05-29 12:47:20'),
('d17dc4a904426827ca80f2ccb3a6be56', '569cf68214806a39acc0f39344aea67f', 'delivered', '2017-05-14 20:28:25', '2017-05-25 09:14:31'),
('25f4376934e13d3508486352e11a5db0', '12fd2740039676063a874b9567dfa651', 'delivered', '2018-05-17 16:59:11', '2018-05-21 15:22:11'),
('5820a1100976432c7968a52da59e9364', '2b56e94c2f66f2d97cfa63356f69cee8', 'delivered', '2018-07-29 11:24:17', '2018-08-02 22:09:11'),
('2ce1ad82022c1ba30c2079502ac725aa', '7f2178c5d771e17f507d3c1637339298', 'delivered', '2017-08-09 20:19:05', '2017-08-16 17:16:44'),
('138849fd84dff2fb4ca70a0a34c4aa1c', '9b18f3fc296990b97854e351334a32f6', 'delivered', '2018-02-01 14:02:19', '2018-02-14 13:41:59'),
('47aa4816b27ba60ec948cd019cc1afc1', '148348ff65384b4249b762579532e248', 'delivered', '2018-06-26 13:42:52', '2018-07-03 18:37:46'),
('9faeb9b2746b9d7526aef5acb08e2aa0', '79183cd650e2bb0d475b0067d45946ac', 'delivered', '2018-07-26 14:39:59', '2018-07-31 22:26:55'),
('641fb0752bf5b5940c376b3a8bb9dc52', 'f5afca14dfa9dc64251cf2b45c54c363', 'delivered', '2017-12-15 00:06:10', '2018-01-03 15:09:32'),
('e425680f760cbc130be3e53a9773c584', 'f178c1827f67a8467b0385b7378d951a', 'delivered', '2017-08-31 08:15:24', '2017-09-04 20:59:55'),
('40c5e18f7d112b59b3e5113a59a905b3', '67407057a7d5ee17d1cd09523f484d13', 'delivered', '2018-06-11 10:25:52', '2018-06-19 00:31:13'),
('734e7d1bbaeb2ff82521ca0fe6fb6f79', '2932d241d1f31e6df6c701d52370ae02', 'delivered', '2018-06-11 08:18:19', '2018-06-14 21:32:21'),
('66e4624ae69e7dc89bd50222b59f581f', '684fa6da5134b9e4dab731e00011712d', 'delivered', '2018-03-09 14:50:15', '2018-04-03 13:28:46'),
('a685d016c8a26f71a0bb67821070e398', '911e4c37f5cafe1604fe6767034bf1ae', 'delivered', '2017-03-13 18:14:36', '2017-04-06 13:37:16'),
('2edfd6d1f0b4cd0db4bf37b1b224d855', '241e78de29b3090cfa1b5d73a8130c72', 'delivered', '2017-06-13 21:11:26', '2017-06-19 18:51:28'),
('68873cf91053cd11e6b49a766db5af1a', '4632eb5a8f175f6fe020520ae0c678f3', 'delivered', '2017-11-30 22:02:15', '2017-12-05 20:28:40'),
('f346ad4ee8f630e5e4ddaf862a34e6dd', 'dd5095632e3953fc0947b8ab5176b0be', 'delivered', '2018-08-05 13:09:48', '2018-08-10 18:35:40'),
('8f06cc6465925031568537b815f1198d', '9916715c2ab6ee1710c9c32f0a534ad2', 'delivered', '2017-11-15 11:31:41', '2017-11-22 22:41:07'),
('ccbabeb0b02433bd0fcbac46e70339f2', 'c77ee2d8ba1614a4d489a44166894938', 'delivered', '2018-02-19 20:31:09', '2018-03-09 22:22:25'),
('688052146432ef8253587b930b01a06d', '81e08b08e5ed4472008030d70327c71f', 'delivered', '2018-04-22 08:48:13', '2018-04-24 19:31:58'),
('f271576bed568e896f99eb710cd3a6f8', '5dda11942d4f77bee3a46d71e442aec4', 'delivered', '2018-01-07 21:44:54', '2018-01-17 20:26:31'),
('686541986ecfb7d9296eb67719973bf0', '74805bc388861fa350ed2fade8444e0b', 'delivered', '2018-02-10 13:26:59', '2018-02-20 22:13:08'),
('68e48e68da1f50f7c5838ea75e3a20dd', '4afc1dcca5fe8926fc97d60a4497f8ab', 'delivered', '2018-06-18 16:02:23', '2018-06-22 21:18:51'),
('b52cc4919de82b4d696a4380d10804a3', 'be8c14c16a4d47194ccdfe10f1fc5b1a', 'delivered', '2018-06-13 13:47:39', '2018-06-18 22:32:44'),
('fdf128b3630c21adc9ca4fb8a51b68ec', 'a9d37ddc8ba4d9f6dbac7d8ec378cc95', 'delivered', '2018-07-15 08:33:19', '2018-07-24 16:41:18'),
('a6aeb116d2cb5013eb8a94585b71ffef', 'bb2f5e670f7155dc622c57e4b31d0a69', 'delivered', '2017-09-13 14:27:11', '2017-09-16 15:40:08'),
('fa516182d28f96f5f5c651026b0749ee', '55e6b290205c84ddd23ddf5eb134efd4', 'delivered', '2018-04-13 08:44:17', '2018-04-19 20:41:45'),
('6abaad69b8b349c3a529b4b91ce18e46', 'f5618502bee8eafdee72fb6955e2ebdf', 'delivered', '2018-02-15 10:33:30', '2018-02-24 19:15:56'),
('974c1993ab8024d3ed16229183c2308d', 'a90391a47de936d56c66a5366cba1462', 'delivered', '2017-02-20 11:45:39', '2017-03-09 14:27:58'),
('82bce245b1c9148f8d19a55b9ff70644', '388025bec8128ff20ec1a316ed4dcf02', 'delivered', '2017-04-20 17:15:46', '2017-05-10 09:17:55'),
('a910f58086d58b3ae6f37aa712d377b9', 'afb19a4b667cb708caab312757ec3d3f', 'delivered', '2017-09-15 09:19:48', '2017-09-25 20:14:48'),
('bd4bd0194d6d29f83b8557d4b89b572a', '636e15840ab051faa13d3f781b6e4233', 'delivered', '2018-07-28 16:52:55', '2018-08-06 18:44:46'),
('634e8f4c0f6744a626f77f39770ac6aa', '05e996469a2bf9559c7122b87e156724', 'delivered', '2017-08-09 18:32:47', '2017-08-16 18:17:54'),
('6d25592267349b322799e2beb687871e', '5bb39c890c91b1d26801aa19a9336eac', 'delivered', '2018-08-26 22:04:34', '2018-08-29 12:40:53'),
('b8801cccd8068de30112e4f49903d74a', 'f26a435864aebedff7f7c84f82ee229f', 'delivered', '2017-07-30 03:06:35', '2017-08-01 14:27:31'),
('2711a938db643b3f0b62ee2c8a2784aa', '29cb486c739f9774c8eb542e07b56cd2', 'delivered', '2017-12-22 00:17:37', '2018-01-09 19:52:32'),
('3bc77ce8be27211bac313c2daa402d1a', 'bf141bf67fbe428d558bcf0e018eab60', 'delivered', '2017-04-06 22:39:29', '2017-04-11 12:31:36'),
('10c320f977c6a18f91b2d14be13128c6', 'b673f0597cb0c4d12778f731045f361a', 'delivered', '2017-05-09 20:48:59', '2017-05-18 13:22:35'),
('0a4a2fccb27bd83a892fa503987a595b', '6772a0a230a2667d16c3620f000e1348', 'delivered', '2017-04-20 20:42:44', '2017-05-11 13:07:46'),
('e4de6d53ecff736bc68804b0b6e9f635', '9f6618c17568ac301465fe7ad056c674', 'delivered', '2017-10-16 14:56:50', '2017-11-08 21:25:24'),
('6b860b35691d486e45dc98e3514ec5f6', 'fee181bf648906d1c57f84f216976286', 'delivered', '2017-12-08 09:42:43', '2017-12-19 18:43:35'),
('ec341c54a5ebf8ee0a67a8632aa7579b', 'df9b032b2ad0fd6bf37dfb48e5f83845', 'delivered', '2017-08-26 16:53:30', '2017-09-08 20:39:56'),
('cadbb3657dac2dbbd5b84b12e7b78aad', '93ada7a24817edda9f4ab998fa823d16', 'delivered', '2018-02-27 12:55:42', '2018-03-16 14:59:01'),
('9defaf92cff22420e4e8ef7784815a55', '64fb950e760ec8b0db79154a1fa9c1bf', 'delivered', '2018-05-11 13:10:51', '2018-05-21 16:09:55'),
('20e0101b20700188cadb288126949685', '48558a50a7ba1aab61891936d2ca7681', 'delivered', '2018-01-22 19:22:22', '2018-02-15 20:08:15'),
('0e782c3705510e717d28907746cbda82', '3a897024068ed42a183de61d5727d866', 'delivered', '2018-05-01 08:12:37', '2018-05-04 14:02:26'),
('d3d6788577c9592da441752e8a1dd5e3', '8628fac2267e8c8804525da99c10ed0e', 'delivered', '2017-09-19 22:17:15', '2017-10-10 18:43:53'),
('86f21bf63784876b9fd6d35f46581d72', '332df68ccac2f2f7d9e11299188f8bce', 'delivered', '2018-04-11 22:32:31', '2018-04-27 23:14:42'),
('8447ff843b2616c50c0ced28ab1dae03', 'e28dd4261bed9c7ba89ecaf411b88f7c', 'delivered', '2017-12-20 23:45:07', '2018-01-09 18:14:02'),
('f169bd689fb8b32ccd62df9050aebc0b', '82f0b75bb50fcb30711e5277e36b3983', 'delivered', '2018-04-22 23:23:18', '2018-04-30 17:57:25'),
('77e9941864fc840be8e4b1ba5347c0f7', '3135962ee745ef39b85576df7ddbaa99', 'delivered', '2018-08-03 08:59:39', '2018-08-17 00:49:41'),
('41bb5cee06dbf170878a9ef93ac7e7f5', '1833a0540067becaf59368fe4cd4303a', 'delivered', '2018-05-14 08:35:33', '2018-05-18 14:48:38'),
('6a0a8bfbbe700284feb0845d95e0867f', '68451b39b1314302c08c65a29f1140fc', 'delivered', '2017-11-22 11:32:22', '2017-12-28 19:43:00'),
('f7959f8385f34c4f645327465a1c9fc4', '0bf19317b1830a69e55b40710576aa7a', 'delivered', '2017-03-30 07:50:33', '2017-04-10 02:59:52'),
('23f553848a03aaab35bb3f9f87725125', 'c622b892a190735ef81c0087973fa16d', 'delivered', '2018-06-05 09:10:34', '2018-06-18 12:36:54'),
('e3447938231fb6ba2fee0231b51eca59', '2c3642e1392097fb4af76a76fec16a46', 'delivered', '2018-08-26 11:04:26', '2018-08-28 21:06:31'),
('e346cd9299371b18c0b28e8e29a5e376', 'fb9590a1e30e0ba8304ea73a31325797', 'delivered', '2017-05-17 08:36:11', '2017-05-23 13:32:30');
INSERT INTO orders (order_id, customer_id, order_status, order_purchase_timestamp, order_delivered_timestamp) VALUES
('a5474c0071dd5d1074e12d417078bbd0', 'ef15b3240b2083e0487762ee2978d2b8', 'delivered', '2018-07-30 22:41:44', '2018-08-03 19:28:47'),
('bb7c5cf4dff9994daeab7c8ee9d287aa', '9a4900710ff76d73cb3a0d152e73adf0', 'delivered', '2018-03-01 22:14:26', '2018-03-09 14:48:21'),
('66d03fb3c4b0f80b5db04ef9c260336d', 'c39bde0d4030d5e31e654f0c20db9786', 'delivered', '2018-02-06 21:09:10', '2018-02-16 20:24:42'),
('a6cd683d4bd3b9b1f0aa37b27f8116d3', '48f239e15744ed5e7ffbafc6bb6e882b', 'delivered', '2017-01-28 23:45:53', '2017-02-10 17:30:19'),
('bfe42c22ecbf90bc9f35cf591270b6a7', '803ac05904124294f8767894d6da532b', 'delivered', '2018-01-27 22:04:34', '2018-02-09 20:16:40'),
('e1da8361c76cab67aa3588a1fbf1af54', 'dd854e24b40e3bc2b306946dee252015', 'delivered', '2017-07-01 15:42:32', '2017-07-12 20:17:57'),
('af5b0604e113e1526593d505a26ef39d', 'b896b244963dc7543d400ad82d6710e0', 'delivered', '2017-09-27 12:07:22', '2017-09-30 17:13:01'),
('9d531c565e28c3e0d756192f84d8731f', 'd4faa220408c20e53595d2950f361f3b', 'delivered', '2017-11-28 21:00:44', '2018-01-23 21:38:52'),
('4da3bd761ca73d692ae0f5c252495546', '65ee4aa816cda8ad41e05c75e1cb691e', 'delivered', '2018-02-01 12:31:21', '2018-02-02 16:12:53'),
('80d817467dc3d0a4bb5ab8986c962b1f', 'a4a2abd07b1cdd4902cf245cdfa1451d', 'delivered', '2018-08-22 16:10:29', '2018-08-28 14:52:43'),
('c75acba615d2db29345327974641467d', '2b47ff70d422cc3ada976dea40f48782', 'delivered', '2018-07-06 23:36:15', '2018-07-13 17:18:42'),
('210e60465099814a1d2c7635e4065153', 'fc849c5fbc7e2b0c7cfebc138886c693', 'delivered', '2018-05-09 18:27:00', '2018-05-22 00:08:26'),
('8fc207e94fa91a7649c5a5dab690272a', 'c69f8b33e62ecb30ff78ae46d7fb9241', 'delivered', '2017-11-26 17:49:46', '2018-01-20 13:42:22'),
('4b3a605942f29d490cb74bd6ace6b9f0', 'e8a332c3433fbd37920ec89fc295d075', 'delivered', '2017-09-29 09:32:17', '2017-09-30 16:55:39'),
('1c35ac660d7ef6691b25d20df3d6eccb', '68c85132eb3b96fbe6cbddc09a568d24', 'delivered', '2017-06-27 23:11:57', '2017-06-29 10:16:35'),
('01a75ac3dd000b7628a684be97c29234', '57ee2ef64f17a5f9a4bf30489b06326c', 'delivered', '2018-01-23 10:32:39', '2018-02-07 14:59:03'),
('0c6b011f8a4f87010c23995f5807d152', 'a78b75a2ad06180de06b82857ca442b3', 'delivered', '2018-08-20 18:24:30', '2018-08-28 13:43:41'),
('ee0c5c649e17808bc4a363d3a80ebf85', 'cc3590e4afbb4b3e056b50a80a6a7d0c', 'delivered', '2018-01-30 07:51:17', '2018-02-20 15:25:04'),
('f2fa3795760c35b8c05fa8e2f09d5143', 'fac60d7c4df3896a5af5db6c91e03797', 'delivered', '2018-03-31 14:20:46', '2018-04-07 00:06:33'),
('3923e3ade70348985bd2ca389905cf19', '6454e6cba392b35aa21527063026fc92', 'delivered', '2018-03-07 23:00:33', '2018-03-19 18:46:32'),
('e37797aedc7cd4ef82278fbc169eecaf', '4c9c7c2b6de6ee2568681b5599bb7495', 'delivered', '2018-05-08 22:12:34', '2018-05-14 18:55:59'),
('35660aec0cc42b6257e24281ee0e6255', 'b53cc3c992caaa45ec73cfdde4d839b5', 'delivered', '2017-03-30 14:46:00', '2017-04-27 11:08:55'),
('b01875821b8dcb6abc61776f0f971bce', '818596f5b68adfe2c11498ebb6d39e02', 'delivered', '2017-11-24 21:55:22', '2017-12-01 21:11:40'),
('5164933efe0cd14f31424b9badf81f19', 'd0e71d7a6dbca8ac513ac63d08a81fa0', 'delivered', '2018-04-25 22:18:10', '2018-04-27 16:50:03'),
('06a6627d9cc91a04e9d146bf65fee0a2', '61449fa1b8b8998c9c3f3a7f0ae954ef', 'delivered', '2017-07-16 10:27:45', '2017-07-21 19:59:36'),
('5447160f15621601fa9ba2b94f4906b3', '9c338ea8093192e203bc16add78c123c', 'delivered', '2017-11-21 12:08:32', '2017-11-28 20:33:38'),
('01855f880aae9a984c7c33b26fcf2e02', '2e068340b3037f667ce3224bd59260af', 'delivered', '2017-10-19 15:08:48', '2017-10-24 15:57:46'),
('65312c6e4ce03c0fb633a4ac541949d8', '228da462edabbbc68e6d265087499705', 'delivered', '2018-07-22 15:19:05', '2018-08-02 21:08:57'),
('741fd1b80f015f170a7f458cf86769b8', 'df5c9e02596851fcbfc98804e4108bbd', 'delivered', '2017-12-02 14:28:03', '2017-12-11 16:17:04'),
('b16cec67cb3f5a4bb31abe8988b43d19', '62ffae18a7ca4b2e681c6296180ae346', 'delivered', '2018-03-26 09:14:26', '2018-03-29 20:08:43'),
('e6190dea235662449d160357e46eaec8', 'b80feb27fb4955a21bca55fdb039af17', 'delivered', '2018-01-09 06:37:43', '2018-01-15 14:56:58'),
('8eeda294fab8a5ed70259afb59a10ff8', '6feea03756fd7ef4fb37d8f7e44aaeb9', 'delivered', '2018-02-06 18:25:39', '2018-02-14 19:07:41'),
('89165e6d4c28047da0adf13ac8b3e1b3', '4924a47e8cd5630b3564e26fac55c5ec', 'delivered', '2018-07-18 13:39:54', '2018-07-26 18:26:37'),
('f376081d7c5f1767fbc7fae2d19ca32e', 'd68901955dc622165460ba6cb4ac49f3', 'delivered', '2017-03-28 16:03:34', '2017-03-31 10:07:25'),
('4b87488fb6269f8321508923b95da4d6', 'e42998ccffc48dc87bf70b37e2d61f33', 'delivered', '2018-06-08 12:19:58', '2018-06-15 20:58:47'),
('e9ce52cd563d0124dced659e69eab10a', '9a80c8377644236e27f59e83862f1ae2', 'delivered', '2017-07-10 12:23:05', '2017-07-17 17:03:47'),
('9344ccd01ff5fa7ec2aef0ee7e1c49c3', '4fd75fb5ef1f01c7585bf746092a1544', 'delivered', '2018-05-16 16:10:21', '2018-05-24 19:04:00'),
('f4471dae8c482f51aa1826cd9f5d4433', '167b9485947ed0a354a3f8dad04eb199', 'delivered', '2018-07-05 18:40:47', '2018-07-11 21:16:47'),
('aeb4c9d05ab11d7c6c9ca24f8c43bd70', 'fa5c31ea5a141cb29a683b6420f2693a', 'delivered', '2017-09-20 17:12:34', '2017-09-28 19:47:42'),
('33a3edb84b9df4cb49546859b990ac6d', '35ec6c1ca9e5844c5ca94214cce16dca', 'delivered', '2018-02-21 17:15:49', '2018-03-22 00:03:53'),
('9885fff91f7c807525f8320e5292a3db', '83257fb6f3a1edd3a75464178aa3f382', 'delivered', '2018-01-10 14:18:40', '2018-01-24 23:16:49'),
('e7a65190baa4e6fd192246157c0b81fb', '7d986867cfcd083f25ad4f692bd2df06', 'delivered', '2017-04-26 16:14:11', '2017-05-12 14:04:02'),
('62a12e4d2a742b2491d7c00d2d79bf52', 'b60550c21000f91484c7d2aa2b8c522e', 'delivered', '2017-11-27 19:24:52', '2017-12-08 15:41:46'),
('90349f264a3d6a2525a34598d09dda6b', 'd19f254a07da73a055409256e9bfe40a', 'delivered', '2018-05-11 16:35:19', '2018-05-15 18:38:39'),
('95cf9f239f724799131f7ca949209bd9', '7251aa758779438faea714941f1051c4', 'delivered', '2018-05-25 08:54:21', '2018-05-30 15:06:44'),
('04a59fe46fc5aa341da5378c195ed53c', '2d8748fb35d51c2fd273ee67fff78b7a', 'delivered', '2017-11-26 09:32:06', '2017-12-11 19:03:18'),
('86b37610c0e86e94afe3d5ba4b73fa14', '86ff82570097f39b2193254f540e4a69', 'delivered', '2017-11-17 21:14:42', '2017-12-05 20:23:33'),
('5c2d1d55c31db1cbe069dc9b6454b897', '15bea20cd005ed59d34db54c6b32ec98', 'delivered', '2018-07-23 18:27:07', '2018-08-01 19:31:47'),
('1d067305b599c1e0dceb3864056ea527', '0489975a325480c9e385e9f135bb13c3', 'delivered', '2018-02-14 13:05:17', '2018-03-09 21:52:36'),
('abc5ec9ecaec740b498a37f19c29a8c0', '85aa7dc7ea24c96b5ac7864f13922495', 'delivered', '2017-04-30 22:43:56', '2017-05-12 12:04:38'),
('c3cb4c7c4b963ab08b07a5dca5baf05d', '38ccd077e65d89b8a720be73bfaa9c6f', 'delivered', '2017-05-15 16:29:03', '2017-05-23 12:51:55'),
('af66c46c49bdb3bf2f862efb1eb67d81', '9e3a06f863456c3934b9d26037c119cd', 'delivered', '2017-07-22 19:16:47', '2017-07-31 18:17:45'),
('14e6e050a57912543937e93051cc7b2c', 'd006bd8339ac9891923132af6408f557', 'delivered', '2018-06-24 19:01:52', '2018-06-28 13:03:08'),
('cefa8ee1540139ac77fa0c1b4ff1f04b', '3b9388d1014c8090f77595c5e9f2ce94', 'delivered', '2018-07-02 12:54:20', '2018-07-06 11:52:07'),
('265f4e28ef8cf69f8445e2951bbe7343', 'c572fd6cdd98e87ea2bc433b6da21078', 'delivered', '2017-03-06 00:14:28', '2017-03-20 09:28:56'),
('34276839abbc2d596eb36540d36c624c', '6968ea6ff6368619de4d031a15d5c9a6', 'delivered', '2017-10-04 23:02:21', '2017-10-20 16:18:59'),
('556bbf53c2c22fbb9ef31a414dd444a6', '5883f965ac70043c2e908c3657c5d548', 'delivered', '2017-12-21 17:43:41', '2018-01-04 21:56:01'),
('b2bd1f09c1b8a4a36940f6f6e49d5dec', '8ed14e450a6268ec13f325e7c2eafeed', 'delivered', '2018-02-02 16:15:41', '2018-02-20 18:09:29'),
('e69e2290db6b2d3b7593a40112e1a82a', '3a017955f82b5bf61bb51aec865a01ca', 'delivered', '2018-06-01 11:26:06', '2018-06-05 17:44:39'),
('c8627adf430caff83161acbeb344d8f5', '078d86e7bf40b188f0e5ed6d866c21c4', 'delivered', '2018-08-09 16:23:03', '2018-08-14 19:12:05'),
('1370fae9b19ee5e01a2d609eb18b7c8a', '22eb8142d6313bab19fa6c657170ae6b', 'delivered', '2017-11-15 13:47:34', '2017-12-06 01:12:12'),
('a7cd6af6e0519313887b3c3a120f20ca', 'a559b10d4f093640a0ed4693ce16ed02', 'delivered', '2018-04-26 11:59:05', '2018-05-03 02:52:58'),
('663830a477534735bbdec9de01113fa2', 'c1ddb7521d14db9071dccad0a94305c2', 'delivered', '2018-07-15 12:37:12', '2018-07-23 23:56:47'),
('b2f3763408103bc7173bb36ed02dbeea', 'd0e6cb83a3fc27f56be011b2941f54c6', 'delivered', '2018-05-30 22:33:08', '2018-06-18 23:07:33'),
('0dad6beca7ed0e352668498c29089900', '2528510465c7572dedee4431a7d52e08', 'delivered', '2017-12-02 14:08:33', '2017-12-13 09:44:38'),
('93ec3e2c9a4beee38c28973d307093e1', '330ca6b207006779da875ef48faef608', 'delivered', '2018-03-29 14:27:41', '2018-04-06 22:52:39'),
('5561adcb0fd46da4cad3048fa4e7fc00', '819b0aa9b717f6d78c0f72211bafebe3', 'delivered', '2018-06-25 15:36:18', '2018-06-27 17:18:42'),
('6245ae0abd9de1ae647b5da78c0ea69b', 'd68585c54450af4bfc04cc6cccbcd607', 'delivered', '2017-09-11 07:54:38', '2017-09-16 16:12:24'),
('ce9feeba53c652dd6569cca62e2bb287', 'f7398fc942c8fa80e5419ae52e49f7fb', 'delivered', '2018-04-15 19:42:06', '2018-04-20 23:12:11'),
('565923f847aad52e7638eb189cce3b51', 'a2cb2bc236e62cf807925d6cecc245c6', 'delivered', '2018-01-13 08:19:23', '2018-01-23 18:22:46'),
('36ebb4199031e72a1fa964549b88c377', 'eecf2b94cdbe9ef6245fabb5e091c987', 'delivered', '2018-04-04 08:39:50', '2018-04-16 23:35:26'),
('232b75e8b6faa6ca2063184414e634a7', '0a11cb0fb65032da800b780afcc1a1b7', 'delivered', '2017-09-26 12:32:39', '2017-10-09 18:32:42'),
('ee990334acb0ff9333b01afa465f3006', 'a8331c35b57d8fe09e8df1c06509de29', 'delivered', '2018-02-28 17:00:28', '2018-03-22 10:18:36'),
('780fe22baa36991bdbb1559f5b549596', 'e1862648f338ecaf4242e8e2b59126ca', 'delivered', '2017-04-22 19:26:47', '2017-04-28 14:37:16'),
('58ac1947c1a9067b9f416cba6d844a3f', 'ee8e1d37f563ecc11cc4dcb4dfd794c2', 'delivered', '2017-09-13 09:18:50', '2017-09-21 21:16:17'),
('ba4ddff2b9082f079de9a84d7a5605fd', 'fbfba770bf13f470f63d1854a765a2d3', 'delivered', '2018-01-18 09:30:54', '2018-01-20 17:56:44'),
('75351e48296ef42211a0b80c427aae57', 'cf9e2b07f78cce347089900f49fb4746', 'delivered', '2017-03-14 16:25:43', '2017-04-03 13:37:42'),
('64a2b20e6611bf80d933549f4c45ad84', 'de62761e79f4ae4169cab45ed5f36026', 'delivered', '2017-12-20 12:30:40', '2018-01-09 15:44:20'),
('775130c792f4c6460c63162e994a1114', 'd4cd9729eeca5306a2c039fe6e55601e', 'delivered', '2017-12-04 17:24:57', '2017-12-11 18:52:10'),
('b0928556a10706af462ca2ab2c91903b', '0b9e85491c194a97516c87f30a93abfa', 'delivered', '2018-08-03 22:23:06', '2018-08-14 18:16:42'),
('5487a8ac1699754d975f853ce8bb9321', 'a51b373c427132a77b112ca10f502c4f', 'delivered', '2018-03-29 14:29:44', '2018-04-08 16:22:04'),
('00571ded73b3c061925584feab0db425', '3c628393675b42c6b5ef89461f68ecef', 'delivered', '2017-05-18 20:59:24', '2017-05-30 09:12:44'),
('74ebfa44a323c96a7760bd693d690a3d', '13fd7ce9f08449dec2533119379a2527', 'delivered', '2017-06-16 00:22:49', '2017-06-26 13:49:52'),
('37104fd8b73d0691fda9491fe8906808', '328d7a69cb9cbaf088eed3ed778804bb', 'delivered', '2017-07-05 09:16:49', '2017-07-17 17:23:48'),
('b6b3633f97c686d8e188ac6fa29ff20d', '8d3d362741da05c706eb55001bdfa1b9', 'delivered', '2018-07-27 12:45:51', '2018-08-06 17:20:53'),
('37e32b54f25d2472acbc642f7e539a36', '0f5b40f9925b49675464fb74869c6547', 'delivered', '2017-07-08 14:12:08', '2017-07-17 20:39:33'),
('43d88b0e949865904334dd5b3ca63f50', 'aa601b3c45980c0918042d5ca7a25054', 'delivered', '2018-03-15 16:59:11', '2018-03-20 16:13:27'),
('5e99f3c445038a0709b2aea8e34ed593', '243ee97e01766bf68c3e30f0fe572490', 'delivered', '2017-06-25 19:30:09', '2017-07-04 10:51:55'),
('f61b61c2cbb4192ccaf9c2c76a4cc971', '525125633cfc0f64d4a991240953f2b5', 'delivered', '2018-02-28 21:27:43', '2018-03-09 13:46:21'),
('6d7de866a140b19d09e825b2a4e944c7', '9e5ce657315b2bdb94033a494041ac25', 'delivered', '2018-04-16 21:07:16', '2018-04-24 20:38:55'),
('3f849648ffbabb0562c7668f212e3e88', 'a338f42b6e47cb49d5c5128a348b76ba', 'delivered', '2018-05-15 19:55:51', '2018-06-07 13:58:42'),
('7c18eddfcd24680d80a502346221614e', 'b7ee9b824b4a83b389379ac70585bf3b', 'delivered', '2018-07-13 15:45:51', '2018-07-24 20:16:30'),
('6fa204b6cf6dcfe6c9adca7dc53aa32a', '56dfafb543cfa4c2edcc08b9b2c5f0c6', 'delivered', '2017-08-01 18:52:12', '2017-08-05 12:14:47'),
('58d4c4747ee059eeeb865b349b41f53a', '1755fad7863475346bc6c3773fe055d3', 'delivered', '2018-07-21 12:49:32', '2018-07-25 23:58:19'),
('a840a7a89e3d9137358eb7b9408681fe', '5e320e6a4f03e2e74bc22e1158237fbe', 'delivered', '2017-03-09 22:17:49', '2017-03-16 08:24:47'),
('40001f4b6e1a35f0b99fc4f44078ab27', '1690401c1e48c9526a79e72ba8c069a2', 'delivered', '2017-12-09 17:27:58', '2018-01-04 21:23:53'),
('287c56aa824d8d1ea40246ad12013f62', '5232c22d7ed2b631db6b2cab74b2c5f2', 'delivered', '2018-08-01 10:48:19', '2018-08-07 13:59:38'),
('694630e7a7713c116a9b7f0ba3377382', '5a771152dd93d31af819d708942afec6', 'delivered', '2018-04-09 13:56:45', '2018-04-16 20:58:47'),
('f26f92a3da58e9c771820a7b4d9a6800', '597950088114c1a9e2b27459051f40ff', 'delivered', '2018-02-10 19:27:28', '2018-02-19 15:07:08'),
('d1f54c6a2a7015c5687439d6d4e971ba', 'be0db8a12224c280772baf2ccb468e5e', 'delivered', '2017-04-27 11:08:59', '2017-05-15 12:00:17');

INSERT INTO order_items (order_id, product_id, order_item_id, seller_id, price, freight_value) VALUES
('00571ded73b3c061925584feab0db425', '8695c431b31927efef5343e675f279e7', 1, 'fe2032dab1a61af8794248c8196565c9', 179.9, 15.01),
('00571ded73b3c061925584feab0db425', '8695c431b31927efef5343e675f279e7', 2, 'fe2032dab1a61af8794248c8196565c9', 179.9, 15.01),
('01855f880aae9a984c7c33b26fcf2e02', '12bc892d6fff0dc42c8177f3665ef00e', 1, 'e9779976487b77c6d4ac45f75ec7afe9', 39.49, 8.27),
('01855f880aae9a984c7c33b26fcf2e02', '12bc892d6fff0dc42c8177f3665ef00e', 2, 'e9779976487b77c6d4ac45f75ec7afe9', 39.49, 8.27),
('01a75ac3dd000b7628a684be97c29234', 'b5c114b11d53b6fd85a6a90790f0b479', 1, '0adac9fbd9a2b63cccaac4f8756c1ca8', 42.9, 15.1),
('04a59fe46fc5aa341da5378c195ed53c', '2a15783d3cb601f8d9a6a86806b037b3', 1, '855668e0971d4dfd7bef1b6a4133b41b', 60.0, 15.18),
('06a6627d9cc91a04e9d146bf65fee0a2', '996ae0a67e63b78b427a1f8d07543e86', 1, 'dc4a0fc896dc34b0d5bfec8438291c80', 99.9, 13.72),
('0a4a2fccb27bd83a892fa503987a595b', 'f7d7b5c58704fb359a74580622800051', 1, '4a3ca9315b744ce9f8e9374361493884', 38.5, 24.84),
('0c6b011f8a4f87010c23995f5807d152', '1600dcf1cea8c0c83702e07b577ab231', 1, '6560211a19b47992c3666cc44a7e94c0', 43.0, 23.02),
('0dad6beca7ed0e352668498c29089900', 'cfc4861ae14c9e9e7679355f863c18d4', 1, 'e5e33c0d8e7e002f398f5dc4cbbb338f', 98.7, 12.19),
('0e782c3705510e717d28907746cbda82', '79da264732f717f10ebf5d102aa6c32a', 1, '562fc2f2c2863ab7e79a9e4388a58a14', 29.99, 7.39),
('10c320f977c6a18f91b2d14be13128c6', 'b3be1f83cef05668c25e134852d44545', 1, '3b15288545f8928d3e65a8f949a28291', 110.99, 21.27),
('116f0b09343b49556bbad5f35bee0cdf', 'a47295965bd091207681b541b26e40a5', 1, 'ea8482cd71df3c1969d7b9473ff13abc', 27.99, 15.1),
('1370fae9b19ee5e01a2d609eb18b7c8a', 'a50acd33ba7a8da8e9db65094fa990a4', 1, '8581055ce74af1daba164fdbd55a40de', 117.3, 28.2),
('138849fd84dff2fb4ca70a0a34c4aa1c', '304fad8dc4d2012dc4062839972f2d96', 1, '6860153b69cc696d5dcfe1cdaaafcf62', 39.47, 13.37),
('14e6e050a57912543937e93051cc7b2c', '3940247162a820eff119efe47b02182f', 1, '82cb9f452fe8334df74b22d37824b431', 49.1, 19.53),
('1790eea0b567cf50911c057cf20f90f9', '2d8f2be4f08788ee3bf5356af2b2ee6c', 1, 'd91fb3b7d041e83b64a00a3edfb37e4f', 186.9, 38.0),
('1c35ac660d7ef6691b25d20df3d6eccb', '42a2c92a0979a949ca4ea89ec5c7b934', 1, '813348c996469b40f2e028d5429d3495', 59.9, 14.13),
('1d067305b599c1e0dceb3864056ea527', '2a2d22ae30e026f1893083c8405ca522', 1, '1a3df491d1c4f1589fc2b934ada68bf2', 148.9, 21.53),
('1e7aff52cdbb2451ace09d0f848c3699', '8c591ab0ca519558779df02023177f44', 1, 'a1043bafd471dff536d0c462352beb48', 119.99, 34.2),
('203096f03d82e0dffbc41ebc2e2bcfb7', '5ac9d9e379c606e36a8094a6046f75dc', 1, '633ecdf879b94b5337cca303328e4a25', 109.9, 8.96),
('20e0101b20700188cadb288126949685', '64d0feb1bcf9c7fe7b5dad3271c10910', 1, 'e5a38146df062edaf55c38afa99e42dc', 89.18, 16.38),
('210e60465099814a1d2c7635e4065153', 'b69eb25e3a4def8e9cddee18712e0c5e', 1, '8ed8ea9a57c862f2c18c2fe41f601d56', 199.0, 32.79),
('232b75e8b6faa6ca2063184414e634a7', '952670bc019a73f0933157ec82ff6e4f', 1, '37be5a7c751166fbc5f8ccba4119e043', 159.0, 21.95),
('23f553848a03aaab35bb3f9f87725125', 'cac9e5692471a0700418aa3400b9b2b1', 1, '36890be00bbfc1cdb9a4a38a6af05a69', 99.2, 18.57),
('25f4376934e13d3508486352e11a5db0', 'aca2eb7d00ea1a7b8ebd4e68314663af', 1, '955fee9216a65b617aa5c0531780ce60', 69.9, 12.43),
('265f4e28ef8cf69f8445e2951bbe7343', '7e0dc102074f8285580c9777f79c90cf', 1, 'e26901d5ab434ce92fd9b5c256820a4e', 39.9, 24.84),
('2711a938db643b3f0b62ee2c8a2784aa', 'ad1128daf194f4b6ac4256e16233497c', 1, '1ca7077d890b907f89be8c954a02686a', 45.0, 14.1),
('2807d0e504d6d4894d41672727bc139f', '6893767814d1ac82a81bcd365e1cc918', 1, '8b321bb669392f5163d04c59e235e066', 9.5, 7.78),
('287c56aa824d8d1ea40246ad12013f62', '4ff38de0673d41a0da1499e300720ef6', 1, '5b07547f10dd980738a1a27f685af669', 69.9, 13.15),
('2ce1ad82022c1ba30c2079502ac725aa', 'f35927953ed82e19d06ad3aac2f06353', 1, '669ae81880e08f269a64487cfb287169', 115.0, 15.56),
('2edfd6d1f0b4cd0db4bf37b1b224d855', '30469bb5ea377eae7121981e2f0778e4', 1, '80e6699fe29150b372a0c8a1ebf7dcc8', 113.0, 28.15),
('33a3edb84b9df4cb49546859b990ac6d', '389d119b48cf3043d311335e499d9c6b', 1, '1f50f920176fa81dab994f9023523100', 49.9, 17.6),
('34276839abbc2d596eb36540d36c624c', '83b00325c13c44245b2c3a2befa62a0e', 1, 'ad781527c93d00d89a11eecd9dcad7c1', 159.99, 57.79),
('34513ce0c4fab462a55830c0989c7edb', 'f7e0fa615b386bc9a8b9eb52bc1fff76', 1, '87142160b41353c4e5fca2360caf6f92', 98.0, 16.13),
('35660aec0cc42b6257e24281ee0e6255', 'aba86c093ccdbac75b09111d57e50004', 1, '7c67e1448b00f6e969d365cea6b010ab', 129.6, 25.4),
('36ebb4199031e72a1fa964549b88c377', 'e7db7c40ea6647c808d48581f1308d88', 1, '1d8dbc4f32378d715c717c1c1fc57bae', 109.9, 23.35),
('37104fd8b73d0691fda9491fe8906808', '1dceebcc5f23c02ea23e16d5bedca000', 1, '4e922959ae960d389249c378d1c939f5', 45.0, 16.11),
('37104fd8b73d0691fda9491fe8906808', '1dceebcc5f23c02ea23e16d5bedca000', 2, '4e922959ae960d389249c378d1c939f5', 45.0, 16.11),
('37e32b54f25d2472acbc642f7e539a36', '617186c3d97ea56c9c683a8a3974e8c1', 1, 'cc419e0650a3c5ba77189a1882b7556a', 84.99, 14.34),
('3923e3ade70348985bd2ca389905cf19', '7bdb28a55646012fb3348058d629d9bc', 1, 'd23019c84ffae2d5ef2270367b8605fc', 59.9, 18.25),
('3bc77ce8be27211bac313c2daa402d1a', 'f497ba62f1d6b4f6a3a3266fa8623ad3', 1, '6df688df543f90e9b38f4319e75a9d88', 58.2, 8.78),
('3f849648ffbabb0562c7668f212e3e88', '7bbf8eb1681f6f8ec4b6f0c1c6934718', 1, 'a673821011d0cec28146ea42f5ab767f', 69.9, 16.46),
('40001f4b6e1a35f0b99fc4f44078ab27', 'afeeea6271148ee1bb15173b8187c431', 1, '53243585a1d6dc2643021fd1853d8905', 189.9, 26.36),
('403b97836b0c04a622354cf531062e5f', '638bbb2a5e4f360b71f332ddfebfd672', 1, 'c4af86330efa7a2620772227d2d670c9', 1299.0, 77.45),
('40c5e18f7d112b59b3e5113a59a905b3', '595fac2a385ac33a80bd5114aec74eb8', 1, 'ef0ace09169ac090589d85746e3e036f', 119.9, 8.78),
('41bb5cee06dbf170878a9ef93ac7e7f5', '43ee88561093499d9e571d4db5f20b79', 1, '23613d49c3ac2bd302259e55c06c050c', 10.9, 12.79),
('432aaf21d85167c2c86ec9448c4e42cc', '72d3bf1d3a790f8874096fcf860e3eff', 1, '0bae85eb84b9fb3bd773911e89288d54', 38.25, 16.11),
('434d158e96bdd6972ad6e6d73ddcfd22', 'c7df652246ed7b3300aaf46960c141e4', 1, 'a5cba26a62b8b4d0145b68b841e62e7f', 445.0, 63.17),
('43d88b0e949865904334dd5b3ca63f50', '2028bf1b01cafb2d2b1901fca4083222', 1, 'cc419e0650a3c5ba77189a1882b7556a', 49.99, 8.29),
('47770eb9100c2d0c44946d9cf07ec65d', 'aa4383b373c6aca5d8797843e5594415', 1, '4869f7a5dfa277a7dca6462dcf3b52b2', 159.9, 19.22),
('47aa4816b27ba60ec948cd019cc1afc1', '1501b0033c68a37fa9560033a440e529', 1, '33cbbec1e7e1044aaf11d152172c776f', 53.44, 18.47),
('4b3a605942f29d490cb74bd6ace6b9f0', 'ffd4bf4306745865e5692f69bd237893', 1, 'd98eec89afa3380e14463da2aabaea72', 29.99, 8.11),
('4b87488fb6269f8321508923b95da4d6', 'ed739dfa91e2c770354726fe0bf9cc72', 1, '57df9869a600bd6b7c405f2a862eccfb', 25.0, 13.47),
('4da3bd761ca73d692ae0f5c252495546', '4d8f78374f31cd4b4932c1f2a42c4674', 1, '7a425d299613df3e613bcf9d2eaf5c49', 18.5, 7.94),
('5164933efe0cd14f31424b9badf81f19', '821a07e1e2a0382df1f3761ae3cd435c', 1, 'da8622b14eb17ae2831f4ac5b9dab84a', 129.9, 12.0),
('53cdb2fc8bc7dce0b6741e2150273451', '595fac2a385ac33a80bd5114aec74eb8', 1, '289cdb325fb7e7f891c38608bf9e0962', 118.7, 22.76),
('5447160f15621601fa9ba2b94f4906b3', '461f43be3bdf8844e65b62d9ac2c7a5a', 1, 'b33e7c55446eabf8fe1a42d037ac7d6d', 146.0, 15.77),
('5487a8ac1699754d975f853ce8bb9321', '73e0db4719016f90a37238ca8e5a1cab', 1, '11305281b50fff20ae8bb473f8e11876', 159.99, 27.2),
('5561adcb0fd46da4cad3048fa4e7fc00', '4d071a22b9cc548b64a75075a4c63151', 1, '131fcb0a0c9a47bba4474aacff0f14b7', 99.9, 9.45),
('556bbf53c2c22fbb9ef31a414dd444a6', '9e2d3a8d8ffad53e2e35282a2020221c', 1, '1da366cade6d8276e7d8beea7af5d4bf', 49.9, 17.6),
('565923f847aad52e7638eb189cce3b51', '7fb04722aba7a2b632bac8f9819796f3', 1, 'f3b80352b986ab4d1057a4b724be19d0', 80.0, 17.81),
('5820a1100976432c7968a52da59e9364', '1deda1acffb44ed38494667d7e49a9f3', 1, 'f52c2422904463fdd7741f99045fecb6', 33.9, 18.34),
('58ac1947c1a9067b9f416cba6d844a3f', '9820e04e332fc450d6fd975befc1bc28', 1, '520b493b57809f446cb0a233bb3e25c7', 110.0, 14.16),
('58d4c4747ee059eeeb865b349b41f53a', '1613b819ab5dae53aead2dbb4ebdb378', 1, '16090f2ca825584b5a147ab24aa30c86', 27.9, 7.46),
('5acce57f8d9dfd55fa48e212a641a69d', '0cd9f302c8a5b076ffa5c3567c6705fd', 1, '85d9eb9ddc5d00ca9336a2219c97bb13', 27.9, 15.1),
('5c2d1d55c31db1cbe069dc9b6454b897', 'cdd914e78124a73cc28a165cfc4a0bbc', 1, 'ba143b05f0110f0dc71ad71b4466ce92', 93.99, 23.46),
('5e99f3c445038a0709b2aea8e34ed593', '42a2c92a0979a949ca4ea89ec5c7b934', 1, '813348c996469b40f2e028d5429d3495', 59.9, 17.13),
('5ff96c15d0b717ac6ad1f3d77225a350', '10adb53d8faa890ca7c2f0cbcb68d777', 1, '1900267e848ceeba8fa32d80c1a5f5a8', 19.9, 12.8),
('60550084e6b4c0cb89a87df1f3e5ebd9', '9b37a918bcf2c8e1064e867cf1df4637', 1, 'f27e33c6d29b5138fa9967bcd445b6d5', 39.9, 26.89),
('6245ae0abd9de1ae647b5da78c0ea69b', '8d1cfc0463b545928bfb4e589e017bd4', 1, 'aae3bfea055532c57fb453ed3ec80b30', 62.8, 11.94),
('62a12e4d2a742b2491d7c00d2d79bf52', '2f774e1d1ee6937ae8294771c662066d', 1, 'b6e1504972665f739dec4facb9943775', 281.99, 17.73),
('634e8f4c0f6744a626f77f39770ac6aa', '69d980b4120a76616d7b237d731d6156', 1, '744dac408745240a2c2528fb1b6028f3', 219.0, 15.28),
('641fb0752bf5b5940c376b3a8bb9dc52', '60184212dae4e6b0da32bf54271a8c4a', 1, 'b33e7c55446eabf8fe1a42d037ac7d6d', 369.0, 17.33),
('64a2b20e6611bf80d933549f4c45ad84', '044f05bc9de36e8a693a83e4bc79dd0d', 1, 'ea8482cd71df3c1969d7b9473ff13abc', 24.99, 15.79),
('6514b8ad8028c9f2cc2374ded245783f', '4520766ec412348b8d4caa5e8a18c464', 1, '16090f2ca825584b5a147ab24aa30c86', 59.99, 15.17),
('65312c6e4ce03c0fb633a4ac541949d8', '1ebd1450a2b8d51ffda696956426024a', 1, '822166ed1e47908f7cfb49946d03c726', 54.99, 13.6),
('663830a477534735bbdec9de01113fa2', '6a8631b72a2f8729b91514db87e771c0', 1, '128639473a139ac0f3e5f5ade55873a5', 24.9, 13.51),
('66d03fb3c4b0f80b5db04ef9c260336d', 'a0b7d5a992ccda646f2d34e418fff5a0', 1, '95f83f51203c626648c875dd41874c7f', 69.9, 26.11),
('66e4624ae69e7dc89bd50222b59f581f', 'b37b72d5a56f887725c2862184b8cab8', 1, 'db4350fd57ae30082dec7acbaacc17f9', 22.99, 22.85),
('66e4624ae69e7dc89bd50222b59f581f', 'b37b72d5a56f887725c2862184b8cab8', 2, 'db4350fd57ae30082dec7acbaacc17f9', 22.99, 22.85),
('686541986ecfb7d9296eb67719973bf0', '3014e35fd70fce29095ced5cdc89f4ce', 1, '5656537e588803a555b8eb41f07a944b', 24.89, 15.1),
('688052146432ef8253587b930b01a06d', 'd1c427060a0f73f6b889a5c7c61f2ac4', 1, 'a1043bafd471dff536d0c462352beb48', 119.0, 24.97),
('688052146432ef8253587b930b01a06d', 'db56f6d2b04c89eae4daba188842fd7b', 2, '2a84855fd20af891be03bc5924d2b453', 199.0, 3.12),
('68873cf91053cd11e6b49a766db5af1a', '15a9e834e89eab39d973492882c658d6', 1, 'a673821011d0cec28146ea42f5ab767f', 79.9, 11.76),
('68e48e68da1f50f7c5838ea75e3a20dd', 'a659cb33082b851fb87a33af8f0fff29', 1, '817245bcc3badd82bbd222e0366951a6', 84.9, 13.25),
('68e48e68da1f50f7c5838ea75e3a20dd', 'a659cb33082b851fb87a33af8f0fff29', 2, '817245bcc3badd82bbd222e0366951a6', 84.9, 13.25),
('68e48e68da1f50f7c5838ea75e3a20dd', 'a659cb33082b851fb87a33af8f0fff29', 3, '817245bcc3badd82bbd222e0366951a6', 84.9, 13.25),
('68e48e68da1f50f7c5838ea75e3a20dd', 'a659cb33082b851fb87a33af8f0fff29', 4, '817245bcc3badd82bbd222e0366951a6', 84.9, 13.25),
('694630e7a7713c116a9b7f0ba3377382', '78efe838c04bbc568be034082200ac20', 1, '0241d4d5d36f10f80c644447315af0bd', 99.9, 21.78),
('6a0a8bfbbe700284feb0845d95e0867f', 'f8a8f05a35976a91aed5cccc3992c357', 1, '4a3ca9315b744ce9f8e9374361493884', 83.9, 17.84),
('6abaad69b8b349c3a529b4b91ce18e46', '3dd6c9d499e7c311a29e08afe1fd8fc6', 1, '537eb890efff034a88679788b647c564', 42.9, 14.1),
('6b860b35691d486e45dc98e3514ec5f6', 'c827fb43ad0fb8708f34c2911fdc164b', 1, '76d5af76d0271110f9af36c92573f765', 544.0, 30.36),
('6d25592267349b322799e2beb687871e', 'c3ba4e8d3cb30049213b682e751e9d00', 1, '6560211a19b47992c3666cc44a7e94c0', 93.0, 7.91),
('6d25592267349b322799e2beb687871e', 'c3ba4e8d3cb30049213b682e751e9d00', 2, '6560211a19b47992c3666cc44a7e94c0', 93.0, 7.91),
('6d7de866a140b19d09e825b2a4e944c7', 'aca2eb7d00ea1a7b8ebd4e68314663af', 1, '955fee9216a65b617aa5c0531780ce60', 69.9, 0.0),
('6d7de866a140b19d09e825b2a4e944c7', 'aca2eb7d00ea1a7b8ebd4e68314663af', 2, '955fee9216a65b617aa5c0531780ce60', 69.9, 0.0),
('6ea2f835b4556291ffdc53fa0b3b95e8', 'be021417a6acb56b9b50d3fd2714baa8', 1, 'f5f46307a4d15880ca14fab4ad9dfc9b', 339.0, 17.12),
('6ebaec694d7025e2ad4a05dba887c032', 'e251ebd2858be1aa7d9b2087a6992580', 1, '001cca7ae9ae17fb1caed9dfb1094831', 139.0, 14.72),
('6fa204b6cf6dcfe6c9adca7dc53aa32a', '28a652ff04e43c1bc57937a9f8770f9b', 1, '3d871de0142ce09b7081e2b9d1733cb1', 95.0, 13.01);
INSERT INTO order_items (order_id, product_id, order_item_id, seller_id, price, freight_value) VALUES
('7206b86ea789983f7a273ea7fa0bc2a8', '9a469eaf45dfbc43d39ba1977a3c07af', 1, 'd2374cbcbb3ca4ab1086534108cc3ab7', 36.9, 12.79),
('734e7d1bbaeb2ff82521ca0fe6fb6f79', '278b3c6462e86b4556b99989513ddf73', 1, 'd1ef48b38baca7e831711c4a0aeb398f', 29.99, 13.47),
('741fd1b80f015f170a7f458cf86769b8', '2b4609f8948be18874494203496bc318', 1, 'cc419e0650a3c5ba77189a1882b7556a', 89.99, 16.39),
('74ebfa44a323c96a7760bd693d690a3d', '7d1fc7d682f6a5c8e47437e3540f4415', 1, '376a891762bbdecbc02b4b6adec3fdda', 359.5, 33.96),
('75351e48296ef42211a0b80c427aae57', '28f2e74ecd7f12eab02ca9b3c2bd9c5f', 1, 'ca3bd7cd9f149df75950150d010fe4a2', 87.37, 10.79),
('76c6e866289321a7c93b82b54852dc33', 'ac1789e492dcd698c5c10b97a671243a', 1, '63b9ae557efed31d1f7687917d248a8d', 19.9, 16.05),
('775130c792f4c6460c63162e994a1114', '99b4596b82b6f75d453160c9c75e01f4', 1, '6bbcb8924baf70b7fe2fe2097e8cd407', 257.6, 15.67),
('77e9941864fc840be8e4b1ba5347c0f7', 'a01d1cbb398e386a4a8f8364401a7584', 1, 'd566c37fa119d5e66c4e9052e83ee4ea', 65.9, 37.37),
('780fe22baa36991bdbb1559f5b549596', '4bb4fb9c85785b75ab4f6559900c7ca1', 1, 'ef506c96320abeedfb894c34db06f478', 37.99, 14.52),
('7c18eddfcd24680d80a502346221614e', '0ec96e6d31a1493b0475805c9ae1a0a2', 1, '09f952a5f58d2285b0372551ae8f9b01', 167.0, 18.95),
('7c18eddfcd24680d80a502346221614e', 'e9a69340883a438c3f91739d14d3a56d', 2, '1b4c3a6f53068f0b6944d2d005c9fc89', 169.49, 68.23),
('80d817467dc3d0a4bb5ab8986c962b1f', '425db55cb3b0f5b18a2d9964da31c3c0', 1, '2a84855fd20af891be03bc5924d2b453', 49.9, 16.54),
('80d817467dc3d0a4bb5ab8986c962b1f', '425db55cb3b0f5b18a2d9964da31c3c0', 2, '2a84855fd20af891be03bc5924d2b453', 49.9, 16.54),
('82566a660a982b15fb86e904c8d32918', '72a97c271b2e429974398f46b93ae530', 1, '094ced053e257ae8cae57205592d6712', 31.9, 18.23),
('82bce245b1c9148f8d19a55b9ff70644', 'a5a0e71a81ae65aa335e71c06261e260', 1, 'c8417879a15366a17c30af34c798c332', 38.0, 15.56),
('82bce245b1c9148f8d19a55b9ff70644', 'a5a0e71a81ae65aa335e71c06261e260', 2, 'c8417879a15366a17c30af34c798c332', 38.0, 15.56),
('82bce245b1c9148f8d19a55b9ff70644', 'a5a0e71a81ae65aa335e71c06261e260', 3, 'c8417879a15366a17c30af34c798c332', 38.0, 15.56),
('82bce245b1c9148f8d19a55b9ff70644', 'a5a0e71a81ae65aa335e71c06261e260', 4, 'c8417879a15366a17c30af34c798c332', 38.0, 15.56),
('82bce245b1c9148f8d19a55b9ff70644', 'a5a0e71a81ae65aa335e71c06261e260', 5, 'c8417879a15366a17c30af34c798c332', 38.0, 15.56),
('83018ec114eee8641c97e08f7b4e926f', 'c35498fbb4358837ae16850f50c3fd22', 1, '70a12e78e608ac31179aea7f8422044b', 76.0, 16.97),
('8447ff843b2616c50c0ced28ab1dae03', '7a10781637204d8d10485c71a6108a2e', 1, '4869f7a5dfa277a7dca6462dcf3b52b2', 219.9, 18.79),
('8563039e855156e48fccee4d611a3196', 'bff2010b28e8fbcff5a9db9d3fea5ac4', 1, '955fee9216a65b617aa5c0531780ce60', 78.0, 28.95),
('85ce859fd6dc634de8d2f1e290444043', 'cce679660c66e6fbd5c8091dfd29e9cd', 1, 'd2374cbcbb3ca4ab1086534108cc3ab7', 17.9, 11.85),
('86b37610c0e86e94afe3d5ba4b73fa14', '77ccbcf251886c8b83676fc918e7336c', 1, 'f789d2c4f2c2eb38fc4373e7a4b35264', 49.99, 25.66),
('86b37610c0e86e94afe3d5ba4b73fa14', '1e56c680b07833e85fec6904b2c7e4b8', 2, 'f789d2c4f2c2eb38fc4373e7a4b35264', 59.99, 25.66),
('86f21bf63784876b9fd6d35f46581d72', '5526b1ae9ab2688cf600783cece249df', 1, '0b90b6df587eb83608a64ea8b390cf07', 98.44, 22.4),
('89165e6d4c28047da0adf13ac8b3e1b3', '5f42d57952b7815098979a5c4fa6f82a', 1, 'c70c1b0d8ca86052f45a432a38b73958', 110.32, 8.03),
('8eeda294fab8a5ed70259afb59a10ff8', 'dbb67791e405873b259e4656bf971246', 1, '00fc707aaaad2d31347cf883cd2dfe10', 80.9, 12.7),
('8eeda294fab8a5ed70259afb59a10ff8', 'dbb67791e405873b259e4656bf971246', 2, '00fc707aaaad2d31347cf883cd2dfe10', 80.9, 12.7),
('8f06cc6465925031568537b815f1198d', '12087840651e83b48206b82c213b76fd', 1, '5b925e1d006e9476d738aa200751b73b', 299.0, 18.34),
('8fc207e94fa91a7649c5a5dab690272a', 'f2e53dd1670f3c376518263b3f71424d', 1, '4a3ca9315b744ce9f8e9374361493884', 109.9, 25.61),
('90349f264a3d6a2525a34598d09dda6b', '216bb0e0cd43ffd832e0973d35e0377e', 1, '955fee9216a65b617aa5c0531780ce60', 45.0, 7.39),
('90349f264a3d6a2525a34598d09dda6b', '216bb0e0cd43ffd832e0973d35e0377e', 2, '955fee9216a65b617aa5c0531780ce60', 45.0, 7.39),
('90349f264a3d6a2525a34598d09dda6b', '216bb0e0cd43ffd832e0973d35e0377e', 3, '955fee9216a65b617aa5c0531780ce60', 45.0, 7.39),
('90349f264a3d6a2525a34598d09dda6b', '216bb0e0cd43ffd832e0973d35e0377e', 4, '955fee9216a65b617aa5c0531780ce60', 45.0, 7.39),
('90349f264a3d6a2525a34598d09dda6b', '216bb0e0cd43ffd832e0973d35e0377e', 5, '955fee9216a65b617aa5c0531780ce60', 45.0, 7.39),
('90349f264a3d6a2525a34598d09dda6b', '216bb0e0cd43ffd832e0973d35e0377e', 6, '955fee9216a65b617aa5c0531780ce60', 45.0, 7.39),
('91b2a010e1e45e6ba3d133fa997597be', 'ba74c6b75d2ad7503175809688d5a03c', 1, '7d13fca15225358621be4086e1eb0964', 178.99, 13.69),
('9344ccd01ff5fa7ec2aef0ee7e1c49c3', '058b372f969b59e8c4a27e224243909c', 1, '3d871de0142ce09b7081e2b9d1733cb1', 39.0, 12.79),
('93ec3e2c9a4beee38c28973d307093e1', '7ae5c4294636a8ccd3d8574daa6d7d21', 1, '17a053fcb14bd219540cbde0df490be0', 179.9, 24.55),
('948097deef559c742e7ce321e5e58919', 'cd935d283d47f1050c505e1c39c48b67', 1, 'a3a38f4affed601eb87a97788c949667', 69.9, 25.77),
('949d5b44dbf5de918fe9c16f97b45f8a', 'd0b61bfb1de832b15ba9d266ca96e5b0', 1, '66922902710d126a0e7d26b0e3805106', 45.0, 27.2),
('95266dbfb7e20354baba07964dac78d5', 'bb7181410b4e02f93f3697f765db53c7', 1, '855668e0971d4dfd7bef1b6a4133b41b', 129.99, 57.58),
('95cf9f239f724799131f7ca949209bd9', '7a295e6687ed3e00c8143498115f6ca5', 1, '2e1c9f22be269ef4643f826c9e650a52', 89.49, 8.39),
('974c1993ab8024d3ed16229183c2308d', '5e2ba75ad255ff60b1c76c5bf526ae9b', 1, 'f84a00e60c73a49e7e851c9bdca3a5bb', 69.9, 14.66),
('9885fff91f7c807525f8320e5292a3db', '6906f6d2bb318a3cbb5351653e93ceb4', 1, '6ec1a01e866584bb679eb9b098345919', 126.99, 29.68),
('989225ba6d0ebd5873335f7e01de2ae7', '6b64362e89896be7589621df54be089e', 1, '77530e9772f57a62c906e1c21538ab82', 49.0, 14.1),
('9d531c565e28c3e0d756192f84d8731f', '807b2de93dbb064bbc82dc6ac963bc61', 1, '903037660cf848a717166eb7a06d616e', 25.99, 14.1),
('9defaf92cff22420e4e8ef7784815a55', 'cf944645d4ff2a3eed3ae17f641ea861', 1, 'a6fe7de3d16f6149ffe280349a8535a0', 49.9, 12.79),
('9faeb9b2746b9d7526aef5acb08e2aa0', 'f48eb5c2fde13ca63664f0bb05f55346', 1, 'f7ba60f8c3f99e7ee4042fdef03b70c4', 60.0, 15.52),
('9faeb9b2746b9d7526aef5acb08e2aa0', 'f48eb5c2fde13ca63664f0bb05f55346', 2, 'f7ba60f8c3f99e7ee4042fdef03b70c4', 60.0, 15.52),
('a4591c265e18cb1dcee52889e2d8acc3', '060cb19345d90064d1015407193c233d', 1, '8581055ce74af1daba164fdbd55a40de', 147.9, 27.36),
('a5474c0071dd5d1074e12d417078bbd0', '1f75be631e988bb0ad750e60e18d043b', 1, 'fd386aa7bed2af3c7035c65506c9b4a3', 13.99, 7.39),
('a685d016c8a26f71a0bb67821070e398', 'ebd7c847c1e1cb69ec374ae0ebee1f4c', 1, '391fc6631aebcf3004804e51b40bcf1e', 84.9, 14.36),
('a6aeb116d2cb5013eb8a94585b71ffef', '163e6400e6dadd0fe04775c5e9331fda', 1, '855668e0971d4dfd7bef1b6a4133b41b', 50.0, 9.34),
('a6cd683d4bd3b9b1f0aa37b27f8116d3', '721b56b7d205d6750e97716593bcb370', 1, '5c243662ce92d84573bfaff24c3e3700', 589.9, 20.0),
('a7cd6af6e0519313887b3c3a120f20ca', '4b703444923b5e57bb73ba343f5ebab7', 1, '42b729f859728f5079499127a9c2ef37', 35.9, 7.39),
('a840a7a89e3d9137358eb7b9408681fe', 'ff922797a6771cab4e0c51d482285ec3', 1, '062ce95fa2ad4dfaedfc79260130565f', 289.9, 15.8),
('a910f58086d58b3ae6f37aa712d377b9', '75d6b6963340c6063f7f4cfcccfe6a30', 1, 'cc419e0650a3c5ba77189a1882b7556a', 56.99, 15.84),
('a910f58086d58b3ae6f37aa712d377b9', '75d6b6963340c6063f7f4cfcccfe6a30', 2, 'cc419e0650a3c5ba77189a1882b7556a', 56.99, 15.84),
('abc5ec9ecaec740b498a37f19c29a8c0', '303719bf7adc0897358c3dcc3c7a6190', 1, 'bacb1f0ed56ad24198f5810d2b3fe9a5', 119.9, 21.16),
('acce194856392f074dbf9dada14d8d82', 'd70f38e7f79c630f8ea00c993897042c', 1, '977f9f63dd360c2a32ece2f93ad6d306', 90.9, 48.64),
('acce194856392f074dbf9dada14d8d82', '9451e630d725c4bb7a5a206b48b99486', 2, 'd673a59aac7a70d8b01e6902bf090a11', 39.5, 48.64),
('ad21c59c0840e6cb83a9ceb5573f8159', '65266b2da20d04dbe00c5c2d3bb7859e', 1, '2c9e548be18521d1c43cde1c582c6de8', 19.9, 8.72),
('aeb4c9d05ab11d7c6c9ca24f8c43bd70', 'ac480ada5f06d9024eae2c6dd9de4c74', 1, '4e06067cc08b3f41d837768d392c3ee3', 7.0, 15.79),
('af5b0604e113e1526593d505a26ef39d', '978859c6048ded0fa8bf3b9ea8236387', 1, '813348c996469b40f2e028d5429d3495', 19.9, 8.72),
('af66c46c49bdb3bf2f862efb1eb67d81', 'f1d116eef76f1c526a5f2c5ce1daeaeb', 1, 'cd68562d3f44870c08922d380acae552', 48.0, 11.85),
('b01875821b8dcb6abc61776f0f971bce', 'a6ad77b15e566298a4e8ee2011ab1255', 1, '1025f0e2d44d7041d6cf58b6550e0bfa', 31.8, 39.28),
('b01875821b8dcb6abc61776f0f971bce', 'a6ad77b15e566298a4e8ee2011ab1255', 2, '1025f0e2d44d7041d6cf58b6550e0bfa', 31.8, 39.28),
('b0928556a10706af462ca2ab2c91903b', '59a5c66f3c04b01ccdb9362174f6ecdf', 1, 'a56a8043ebf66e42119618fb8cf232c6', 83.0, 23.73),
('b16cec67cb3f5a4bb31abe8988b43d19', '17efcba3c09566b89c945ef563f381d2', 1, '3f9c56764fabca627406093dcb3ef0b4', 129.9, 11.77),
('b276e4f8c0fb86bd82fce576f21713e0', 'c6c1f263e076bd9c1f1640250a5d0c29', 1, 'fe2032dab1a61af8794248c8196565c9', 179.0, 9.41),
('b2bd1f09c1b8a4a36940f6f6e49d5dec', 'eef7436637ac87cad6bf5108284c3413', 1, 'b33e7c55446eabf8fe1a42d037ac7d6d', 199.0, 16.14),
('b2f3763408103bc7173bb36ed02dbeea', '1b88c133317c3f2b8c53b6048f2dc8b6', 1, '54965bbe3e4f07ae045b90b0b8541f52', 359.9, 42.59),
('b52cc4919de82b4d696a4380d10804a3', '7564c1759c04fc0a38f2aa84f7a370ee', 1, '6860153b69cc696d5dcfe1cdaaafcf62', 42.99, 12.03),
('b6b3633f97c686d8e188ac6fa29ff20d', 'de89f330c497e12d2510c2cd2a48a29f', 1, '240b9776d844d37535668549a396af32', 679.0, 19.85),
('b8801cccd8068de30112e4f49903d74a', '154e7e31ebfa092203795c972e5804a6', 1, 'cc419e0650a3c5ba77189a1882b7556a', 19.99, 7.78),
('ba4ddff2b9082f079de9a84d7a5605fd', '58a84286399d234f7234d54d9daf6418', 1, 'a416b6a846a11724393025641d4edd5e', 52.39, 13.08),
('bb7c5cf4dff9994daeab7c8ee9d287aa', 'af0a99476d96dcc1a1baa7c0d9ff6b9d', 1, '04308b1ee57b6625f47df1d56f00eedf', 535.9, 18.5),
('bd4bd0194d6d29f83b8557d4b89b572a', '7f457254a89d62960399e075711b3deb', 1, 'ea8482cd71df3c1969d7b9473ff13abc', 24.99, 12.84),
('bfe42c22ecbf90bc9f35cf591270b6a7', '71225f49be70df4297892f6a5fa62171', 1, 'e5a3438891c0bfdb9394643f95273d8e', 27.3, 15.1),
('c3cb4c7c4b963ab08b07a5dca5baf05d', '9a5a361f3cd6c280f6bf4ffb6207c51e', 1, 'aba1721a889e04decc910aa13b768ef4', 119.0, 15.58),
('c75acba615d2db29345327974641467d', '4005df5f887f3c2529f363671fc8f4a5', 1, 'e9779976487b77c6d4ac45f75ec7afe9', 84.99, 26.9),
('c8627adf430caff83161acbeb344d8f5', '8c66104d520634a3b6e20c1f326767de', 1, 'c864036feaab8c1659f65ea4faebe1da', 229.9, 55.69),
('cadbb3657dac2dbbd5b84b12e7b78aad', '9d2ff462feaaf88912539b8647e17ab4', 1, '00fc707aaaad2d31347cf883cd2dfe10', 394.9, 14.89),
('ccbabeb0b02433bd0fcbac46e70339f2', '89321f94e35fc6d7903d36f74e351d40', 1, '16090f2ca825584b5a147ab24aa30c86', 27.9, 15.1),
('ce9feeba53c652dd6569cca62e2bb287', '28b5fef7b6d63771e9784bc68c783793', 1, 'd91fb3b7d041e83b64a00a3edfb37e4f', 45.0, 11.86),
('cefa8ee1540139ac77fa0c1b4ff1f04b', '092be1e8336fc404c57bd5970d056886', 1, 'cbd996ad3c1b7dc71fd0e5f5df9087e2', 66.39, 19.66),
('d17dc4a904426827ca80f2ccb3a6be56', 'ba4bfbf74dbe7ab37e263b9326da0523', 1, 'f8db351d8c4c4c22c6835c19a46f01b0', 36.9, 17.92),
('d1f54c6a2a7015c5687439d6d4e971ba', '689b01074243aeee72049c8da42d2e22', 1, '3d871de0142ce09b7081e2b9d1733cb1', 68.0, 24.97),
('d22e9fa5731b9e30e8b27afcdc2f8563', 'f410090aec61f7c73748ca894286edcd', 1, '980640c45d7a4635885491d077167e4d', 99.0, 22.62),
('d3d6788577c9592da441752e8a1dd5e3', '7c1bd920dbdf22470b68bde975dd3ccf', 1, 'cc419e0650a3c5ba77189a1882b7556a', 58.99, 17.66),
('d887b52c6516beb39e8cd44a5f8b60f7', '39a9942865c056ed2006a5e8c11d9537', 1, 'ba5daa4041e1f15cdf34b76e3e18a450', 84.9, 15.35),
('dcb36b511fcac050b97cd5c05de84dc3', '009c09f439988bc06a93d6b8186dce73', 1, '89a51f50b8095ea78d5768f34c13a76f', 132.4, 14.05),
('dd78f560c270f1909639c11b925620ea', '00baba5b58e274d0332a0c8a0a66f877', 1, 'd3f39f05462b79a4562d35893a28f159', 47.9, 12.79),
('e1da8361c76cab67aa3588a1fbf1af54', 'e0d64dcfaa3b6db5c54ca298ae101d05', 1, '7e93a43ef30c4f03f38b393420bc753a', 235.99, 17.41),
('e3447938231fb6ba2fee0231b51eca59', '97f1396a5a1f7c07ba51784efdec44b8', 1, '955fee9216a65b617aa5c0531780ce60', 160.0, 12.14),
('e346cd9299371b18c0b28e8e29a5e376', 'f9a7825fa51f487b8a48f67e9efced8c', 1, '76d5af76d0271110f9af36c92573f765', 29.9, 12.69),
('e37797aedc7cd4ef82278fbc169eecaf', '013ee64977aaa6b2b25475095162e0e9', 1, '640e21a7d01df7614a3b4923e990d40c', 69.99, 14.58),
('e425680f760cbc130be3e53a9773c584', '9ecadb84c81da840dbf3564378b586e9', 1, '1025f0e2d44d7041d6cf58b6550e0bfa', 38.4, 11.85);
INSERT INTO order_items (order_id, product_id, order_item_id, seller_id, price, freight_value) VALUES
('e481f51cbdc54678b7cc49136f2d6af7', '87285b34884572647811a353c7ac498a', 1, '3504c0cb71d7fa48d967e0e4c94d59d9', 29.99, 8.72),
('e4de6d53ecff736bc68804b0b6e9f635', '90b58782fdd04cb829667fcc41fb65f5', 1, '7c67e1448b00f6e969d365cea6b010ab', 179.99, 51.13),
('e6190dea235662449d160357e46eaec8', 'c415aad99ee06e0fe8a58c09d3598ef7', 1, '4de6e4ba574aa9dfdc824bc44dc47fdd', 69.9, 19.98),
('e69bfb5eb88e0ed6a785585b27e16dbf', '9a78fb9862b10749a117f7fc3c31f051', 1, '7c67e1448b00f6e969d365cea6b010ab', 149.99, 19.77),
('e69e2290db6b2d3b7593a40112e1a82a', '6d68112743e7ed2de3932554b033f544', 1, '0d33a55da925bbf1ff02af5f6059fc7f', 28.0, 25.34),
('e69e2290db6b2d3b7593a40112e1a82a', 'fde90f06296b26995fd0de6f16610d70', 2, '8bb48dc19fccaa8613b6229bf7f452a2', 47.99, 25.34),
('e6ce16cb79ec1d90b1da9085a6118aeb', '08574b074924071f4e201e151b152b4e', 1, '001cca7ae9ae17fb1caed9dfb1094831', 99.0, 30.53),
('e6ce16cb79ec1d90b1da9085a6118aeb', '08574b074924071f4e201e151b152b4e', 2, '001cca7ae9ae17fb1caed9dfb1094831', 99.0, 30.53),
('e7a65190baa4e6fd192246157c0b81fb', 'b77dd6385638733dd46bf68b093715b7', 1, 'ef506c96320abeedfb894c34db06f478', 28.99, 24.84),
('e9ce52cd563d0124dced659e69eab10a', '0efb0a47500c44e05a5930cae12307d4', 1, '5dceca129747e92ff8ef7a997dc4f8ca', 259.9, 53.01),
('ec341c54a5ebf8ee0a67a8632aa7579b', '22f5b63060a1185e5ec7721efd622321', 1, '4c8b8048e33af2bf94f2eb547746a916', 14.82, 15.1),
('ecab90c9933c58908d3d6add7c6f5ae3', 'c0db539123a403f670c50237d970b215', 1, 'f7720c4fa8e3aba4546301ab80ea1f1b', 30.1, 33.24),
('ee0c5c649e17808bc4a363d3a80ebf85', 'c63857f1b80521fbf01eb987423d0ccd', 1, 'bc47d5d1490df2b36add65d733eafaba', 12.5, 14.1),
('ee0c5c649e17808bc4a363d3a80ebf85', 'c63857f1b80521fbf01eb987423d0ccd', 2, 'bc47d5d1490df2b36add65d733eafaba', 12.5, 14.1),
('ee990334acb0ff9333b01afa465f3006', '672e757f331900b9deea127a2a7b79fd', 1, 'e59aa562b9f8076dd550fcddf0e73491', 410.0, 35.32),
('f169bd689fb8b32ccd62df9050aebc0b', '20a8603c265d777e25da064113d556f5', 1, 'e70053bf73d1b5863932e53a9fa47496', 759.0, 13.08),
('f26f92a3da58e9c771820a7b4d9a6800', '1ec486885049bbb9b79351d150ed18c4', 1, 'cab85505710c7cb9b720bceb52b01cee', 49.9, 7.78),
('f271576bed568e896f99eb710cd3a6f8', 'd457916b4fdc60154ed93b5dd3e6fd69', 1, '76d64c4aca3a7baf218bf93ef7fa768d', 329.9, 82.48),
('f271576bed568e896f99eb710cd3a6f8', 'd457916b4fdc60154ed93b5dd3e6fd69', 2, '76d64c4aca3a7baf218bf93ef7fa768d', 329.9, 82.48),
('f2fa3795760c35b8c05fa8e2f09d5143', '120fa011365fc39efe382cba4e50999e', 1, 'da8622b14eb17ae2831f4ac5b9dab84a', 179.9, 8.41),
('f2fa3795760c35b8c05fa8e2f09d5143', '68a058d125ba1544e726898f0b8c0523', 2, '7c67e1448b00f6e969d365cea6b010ab', 119.99, 28.05),
('f2fa3795760c35b8c05fa8e2f09d5143', 'eab67bf937aaadc19f83383a331d2dd9', 3, '7c67e1448b00f6e969d365cea6b010ab', 149.99, 32.05),
('f346ad4ee8f630e5e4ddaf862a34e6dd', '4ce99ff9dcb7821acd8e599d5d4a6531', 1, '70125af26c2d6d4ef401a1d02ae7701f', 39.9, 13.76),
('f376081d7c5f1767fbc7fae2d19ca32e', 'c7079d23bead81759eb7c670b96728bc', 1, '385799a1cddbd26dfeb9157356a42282', 91.99, 6.75),
('f376081d7c5f1767fbc7fae2d19ca32e', '04a4e9d8c0dc6b2b4b8e24ea78a8f318', 2, '385799a1cddbd26dfeb9157356a42282', 91.99, 13.5),
('f376081d7c5f1767fbc7fae2d19ca32e', '04a4e9d8c0dc6b2b4b8e24ea78a8f318', 3, '385799a1cddbd26dfeb9157356a42282', 91.99, 13.5),
('f3e7c359154d965827355f39d6b1fdac', 'e99d69efe684efaa643f99805f7c81bc', 1, '55c26bcb609f480eb7868594245febb5', 89.9, 14.21),
('f4471dae8c482f51aa1826cd9f5d4433', '51c59cf09066762ba5740772b0a86215', 1, '33ac3e28642ab8bda860a2f693000e78', 104.9, 4.39),
('f4471dae8c482f51aa1826cd9f5d4433', 'f889fb87b505b73de10c18b93352469f', 2, 'c70c1b0d8ca86052f45a432a38b73958', 110.32, 12.53),
('f61b61c2cbb4192ccaf9c2c76a4cc971', '74e47bd907dc11882c23f4c4ce14031f', 1, '87142160b41353c4e5fca2360caf6f92', 39.99, 9.74),
('f70a0aff17df5a6cdd9a7196128bd354', 'cafd558df4c3c9d1c338ba6930ea9a62', 1, '5dceca129747e92ff8ef7a997dc4f8ca', 279.0, 34.19),
('f7959f8385f34c4f645327465a1c9fc4', 'c1234c80dafde7ef3311b3eabd5069ed', 1, 'dc4a0fc896dc34b0d5bfec8438291c80', 17.9, 10.96),
('f848643eec1d69395095eb3840d2051e', '2b4609f8948be18874494203496bc318', 1, 'cc419e0650a3c5ba77189a1882b7556a', 79.99, 8.91),
('fa516182d28f96f5f5c651026b0749ee', 'e932008cf0ea7c93a077dd8d7e5f49eb', 1, 'fcdd820084f17e9982427971e4e9d47f', 190.0, 19.41),
('fbf9ac61453ac646ce8ad9783d7d0af6', '7b717060aa783eb7f23a747a3a733dd7', 1, 'c0563dd588b775f2e37747ef6ad6c92c', 109.9, 15.53),
('fdf128b3630c21adc9ca4fb8a51b68ec', '89321f94e35fc6d7903d36f74e351d40', 1, '16090f2ca825584b5a147ab24aa30c86', 27.9, 18.3);

INSERT INTO order_payments (order_id, payment_sequential, payment_type, payment_installments, payment_value) VALUES
('8fc207e94fa91a7649c5a5dab690272a', 1, 'credit_card', 5, 135.51),
('f26f92a3da58e9c771820a7b4d9a6800', 1, 'credit_card', 1, 57.68),
('0c6b011f8a4f87010c23995f5807d152', 1, 'credit_card', 6, 66.02),
('d1f54c6a2a7015c5687439d6d4e971ba', 1, 'credit_card', 1, 92.97),
('a7cd6af6e0519313887b3c3a120f20ca', 1, 'credit_card', 4, 43.29),
('775130c792f4c6460c63162e994a1114', 1, 'credit_card', 2, 273.27),
('76c6e866289321a7c93b82b54852dc33', 1, 'boleto', 1, 35.95),
('6abaad69b8b349c3a529b4b91ce18e46', 1, 'credit_card', 4, 57.0),
('53cdb2fc8bc7dce0b6741e2150273451', 1, 'boleto', 1, 141.46),
('f271576bed568e896f99eb710cd3a6f8', 1, 'credit_card', 4, 824.76),
('5c2d1d55c31db1cbe069dc9b6454b897', 1, 'credit_card', 4, 117.45),
('5164933efe0cd14f31424b9badf81f19', 1, 'credit_card', 1, 141.9),
('e481f51cbdc54678b7cc49136f2d6af7', 1, 'credit_card', 1, 18.12),
('04a59fe46fc5aa341da5378c195ed53c', 1, 'credit_card', 1, 75.18),
('74ebfa44a323c96a7760bd693d690a3d', 1, 'credit_card', 10, 393.46),
('01a75ac3dd000b7628a684be97c29234', 1, 'credit_card', 5, 58.0),
('47770eb9100c2d0c44946d9cf07ec65d', 1, 'credit_card', 3, 179.12),
('e9ce52cd563d0124dced659e69eab10a', 1, 'boleto', 1, 312.91),
('68e48e68da1f50f7c5838ea75e3a20dd', 1, 'credit_card', 3, 392.6),
('688052146432ef8253587b930b01a06d', 1, 'credit_card', 3, 346.09),
('bb7c5cf4dff9994daeab7c8ee9d287aa', 1, 'credit_card', 8, 554.4),
('e37797aedc7cd4ef82278fbc169eecaf', 1, 'credit_card', 3, 84.57),
('d3d6788577c9592da441752e8a1dd5e3', 1, 'credit_card', 7, 76.65),
('33a3edb84b9df4cb49546859b990ac6d', 1, 'debit_card', 1, 67.5),
('6514b8ad8028c9f2cc2374ded245783f', 1, 'credit_card', 3, 75.16),
('ecab90c9933c58908d3d6add7c6f5ae3', 1, 'credit_card', 3, 63.34),
('86b37610c0e86e94afe3d5ba4b73fa14', 1, 'boleto', 1, 161.3),
('fa516182d28f96f5f5c651026b0749ee', 1, 'credit_card', 1, 209.41),
('9faeb9b2746b9d7526aef5acb08e2aa0', 1, 'credit_card', 2, 151.04),
('948097deef559c742e7ce321e5e58919', 1, 'credit_card', 9, 95.67),
('58ac1947c1a9067b9f416cba6d844a3f', 1, 'credit_card', 5, 124.16),
('aeb4c9d05ab11d7c6c9ca24f8c43bd70', 1, 'credit_card', 1, 22.79),
('f70a0aff17df5a6cdd9a7196128bd354', 1, 'boleto', 1, 313.19),
('68873cf91053cd11e6b49a766db5af1a', 1, 'boleto', 1, 91.66),
('40001f4b6e1a35f0b99fc4f44078ab27', 1, 'credit_card', 3, 216.26),
('e69bfb5eb88e0ed6a785585b27e16dbf', 2, 'voucher', 1, 161.42),
('b8801cccd8068de30112e4f49903d74a', 1, 'credit_card', 2, 27.77),
('dcb36b511fcac050b97cd5c05de84dc3', 1, 'credit_card', 10, 146.45),
('1e7aff52cdbb2451ace09d0f848c3699', 1, 'credit_card', 4, 154.19),
('4da3bd761ca73d692ae0f5c252495546', 1, 'credit_card', 1, 26.44),
('e7a65190baa4e6fd192246157c0b81fb', 1, 'credit_card', 5, 53.83),
('e1da8361c76cab67aa3588a1fbf1af54', 1, 'boleto', 1, 253.4),
('cadbb3657dac2dbbd5b84b12e7b78aad', 1, 'boleto', 1, 409.79),
('565923f847aad52e7638eb189cce3b51', 1, 'credit_card', 1, 97.81),
('d22e9fa5731b9e30e8b27afcdc2f8563', 1, 'debit_card', 1, 121.62),
('cefa8ee1540139ac77fa0c1b4ff1f04b', 1, 'credit_card', 1, 86.05),
('2edfd6d1f0b4cd0db4bf37b1b224d855', 1, 'boleto', 1, 141.15),
('b0928556a10706af462ca2ab2c91903b', 1, 'credit_card', 1, 106.73),
('265f4e28ef8cf69f8445e2951bbe7343', 1, 'credit_card', 1, 64.74),
('1d067305b599c1e0dceb3864056ea527', 1, 'credit_card', 5, 170.43),
('2711a938db643b3f0b62ee2c8a2784aa', 1, 'boleto', 1, 59.1),
('ee0c5c649e17808bc4a363d3a80ebf85', 1, 'voucher', 1, 53.2),
('403b97836b0c04a622354cf531062e5f', 1, 'credit_card', 10, 1376.45),
('e6ce16cb79ec1d90b1da9085a6118aeb', 1, 'credit_card', 1, 259.06),
('3bc77ce8be27211bac313c2daa402d1a', 1, 'credit_card', 1, 66.98),
('37e32b54f25d2472acbc642f7e539a36', 1, 'credit_card', 4, 99.33),
('10c320f977c6a18f91b2d14be13128c6', 1, 'credit_card', 3, 132.26),
('686541986ecfb7d9296eb67719973bf0', 1, 'credit_card', 1, 39.99),
('287c56aa824d8d1ea40246ad12013f62', 1, 'credit_card', 1, 83.05),
('4b87488fb6269f8321508923b95da4d6', 1, 'credit_card', 3, 38.47),
('949d5b44dbf5de918fe9c16f97b45f8a', 1, 'credit_card', 1, 72.2),
('83018ec114eee8641c97e08f7b4e926f', 2, 'voucher', 1, 62.15),
('741fd1b80f015f170a7f458cf86769b8', 1, 'credit_card', 1, 106.38),
('fdf128b3630c21adc9ca4fb8a51b68ec', 1, 'debit_card', 1, 46.2),
('34276839abbc2d596eb36540d36c624c', 1, 'credit_card', 5, 217.78),
('00571ded73b3c061925584feab0db425', 1, 'credit_card', 4, 389.82),
('5acce57f8d9dfd55fa48e212a641a69d', 1, 'boleto', 1, 43.0),
('a4591c265e18cb1dcee52889e2d8acc3', 1, 'credit_card', 6, 175.26),
('0dad6beca7ed0e352668498c29089900', 1, 'credit_card', 6, 110.89),
('989225ba6d0ebd5873335f7e01de2ae7', 1, 'credit_card', 1, 63.1),
('95266dbfb7e20354baba07964dac78d5', 1, 'credit_card', 3, 187.57),
('641fb0752bf5b5940c376b3a8bb9dc52', 1, 'credit_card', 10, 386.33),
('90349f264a3d6a2525a34598d09dda6b', 1, 'boleto', 1, 314.34),
('83018ec114eee8641c97e08f7b4e926f', 3, 'voucher', 1, 24.86),
('f3e7c359154d965827355f39d6b1fdac', 1, 'boleto', 1, 104.11),
('7206b86ea789983f7a273ea7fa0bc2a8', 1, 'credit_card', 4, 49.69),
('e69e2290db6b2d3b7593a40112e1a82a', 1, 'boleto', 1, 126.67),
('694630e7a7713c116a9b7f0ba3377382', 1, 'boleto', 1, 121.68),
('b276e4f8c0fb86bd82fce576f21713e0', 1, 'credit_card', 2, 188.41),
('35660aec0cc42b6257e24281ee0e6255', 1, 'credit_card', 3, 155.0),
('e481f51cbdc54678b7cc49136f2d6af7', 3, 'voucher', 1, 2.0),
('fbf9ac61453ac646ce8ad9783d7d0af6', 1, 'boleto', 1, 125.43),
('a840a7a89e3d9137358eb7b9408681fe', 1, 'credit_card', 5, 305.7),
('663830a477534735bbdec9de01113fa2', 1, 'credit_card', 1, 38.41),
('634e8f4c0f6744a626f77f39770ac6aa', 2, 'voucher', 1, 227.2),
('f61b61c2cbb4192ccaf9c2c76a4cc971', 1, 'credit_card', 1, 49.73),
('2807d0e504d6d4894d41672727bc139f', 1, 'credit_card', 1, 17.28),
('434d158e96bdd6972ad6e6d73ddcfd22', 1, 'boleto', 1, 508.17),
('c8627adf430caff83161acbeb344d8f5', 1, 'credit_card', 1, 285.59),
('5561adcb0fd46da4cad3048fa4e7fc00', 1, 'credit_card', 1, 109.35),
('734e7d1bbaeb2ff82521ca0fe6fb6f79', 1, 'credit_card', 1, 43.46),
('64a2b20e6611bf80d933549f4c45ad84', 1, 'boleto', 1, 40.78),
('65312c6e4ce03c0fb633a4ac541949d8', 1, 'credit_card', 1, 68.59),
('138849fd84dff2fb4ca70a0a34c4aa1c', 1, 'boleto', 1, 52.84),
('e425680f760cbc130be3e53a9773c584', 1, 'credit_card', 1, 50.25),
('1370fae9b19ee5e01a2d609eb18b7c8a', 1, 'credit_card', 8, 145.5),
('a6aeb116d2cb5013eb8a94585b71ffef', 1, 'credit_card', 1, 59.34),
('bfe42c22ecbf90bc9f35cf591270b6a7', 1, 'credit_card', 1, 42.4),
('8563039e855156e48fccee4d611a3196', 1, 'credit_card', 4, 106.95),
('e69bfb5eb88e0ed6a785585b27e16dbf', 1, 'credit_card', 1, 8.34);
INSERT INTO order_payments (order_id, payment_sequential, payment_type, payment_installments, payment_value) VALUES
('b2f3763408103bc7173bb36ed02dbeea', 1, 'credit_card', 1, 402.49),
('6d7de866a140b19d09e825b2a4e944c7', 1, 'credit_card', 1, 139.8),
('ccbabeb0b02433bd0fcbac46e70339f2', 1, 'boleto', 1, 43.0),
('f7959f8385f34c4f645327465a1c9fc4', 2, 'voucher', 1, 22.03),
('f2fa3795760c35b8c05fa8e2f09d5143', 1, 'boleto', 1, 518.39),
('f7959f8385f34c4f645327465a1c9fc4', 1, 'credit_card', 1, 6.83),
('01855f880aae9a984c7c33b26fcf2e02', 1, 'credit_card', 2, 95.52),
('23f553848a03aaab35bb3f9f87725125', 1, 'credit_card', 2, 117.77),
('a910f58086d58b3ae6f37aa712d377b9', 1, 'credit_card', 5, 145.66),
('e4de6d53ecff736bc68804b0b6e9f635', 1, 'boleto', 1, 231.12),
('75351e48296ef42211a0b80c427aae57', 1, 'boleto', 1, 98.16),
('40c5e18f7d112b59b3e5113a59a905b3', 1, 'credit_card', 3, 128.68),
('e346cd9299371b18c0b28e8e29a5e376', 1, 'credit_card', 3, 42.59),
('6245ae0abd9de1ae647b5da78c0ea69b', 1, 'credit_card', 1, 74.74),
('93ec3e2c9a4beee38c28973d307093e1', 1, 'credit_card', 3, 204.45),
('1790eea0b567cf50911c057cf20f90f9', 1, 'credit_card', 4, 224.9),
('14e6e050a57912543937e93051cc7b2c', 1, 'credit_card', 1, 68.63),
('8447ff843b2616c50c0ced28ab1dae03', 1, 'boleto', 1, 238.69),
('c75acba615d2db29345327974641467d', 1, 'credit_card', 3, 111.89),
('6fa204b6cf6dcfe6c9adca7dc53aa32a', 1, 'boleto', 1, 108.01),
('e3447938231fb6ba2fee0231b51eca59', 1, 'credit_card', 2, 172.14),
('5487a8ac1699754d975f853ce8bb9321', 1, 'boleto', 1, 187.19),
('8f06cc6465925031568537b815f1198d', 1, 'credit_card', 9, 317.34),
('f376081d7c5f1767fbc7fae2d19ca32e', 1, 'credit_card', 1, 309.72),
('c3cb4c7c4b963ab08b07a5dca5baf05d', 1, 'boleto', 1, 134.58),
('432aaf21d85167c2c86ec9448c4e42cc', 1, 'credit_card', 1, 54.36),
('91b2a010e1e45e6ba3d133fa997597be', 1, 'credit_card', 8, 192.68),
('34513ce0c4fab462a55830c0989c7edb', 1, 'credit_card', 1, 114.13),
('ce9feeba53c652dd6569cca62e2bb287', 1, 'credit_card', 1, 56.86),
('6b860b35691d486e45dc98e3514ec5f6', 1, 'boleto', 1, 574.36),
('66d03fb3c4b0f80b5db04ef9c260336d', 1, 'credit_card', 1, 96.01),
('ba4ddff2b9082f079de9a84d7a5605fd', 1, 'credit_card', 1, 65.47),
('a5474c0071dd5d1074e12d417078bbd0', 1, 'boleto', 1, 21.38),
('a6cd683d4bd3b9b1f0aa37b27f8116d3', 1, 'credit_card', 6, 609.9),
('5447160f15621601fa9ba2b94f4906b3', 1, 'credit_card', 1, 161.77),
('0a4a2fccb27bd83a892fa503987a595b', 1, 'credit_card', 5, 63.34),
('4b3a605942f29d490cb74bd6ace6b9f0', 1, 'credit_card', 1, 38.1),
('5e99f3c445038a0709b2aea8e34ed593', 1, 'credit_card', 1, 77.03),
('d17dc4a904426827ca80f2ccb3a6be56', 1, 'credit_card', 1, 54.82),
('f169bd689fb8b32ccd62df9050aebc0b', 1, 'credit_card', 8, 772.08),
('232b75e8b6faa6ca2063184414e634a7', 1, 'boleto', 1, 180.95),
('203096f03d82e0dffbc41ebc2e2bcfb7', 1, 'boleto', 1, 118.86),
('60550084e6b4c0cb89a87df1f3e5ebd9', 1, 'boleto', 1, 66.79),
('86f21bf63784876b9fd6d35f46581d72', 1, 'credit_card', 4, 120.84),
('556bbf53c2c22fbb9ef31a414dd444a6', 1, 'credit_card', 6, 67.5),
('634e8f4c0f6744a626f77f39770ac6aa', 1, 'credit_card', 1, 7.08),
('3923e3ade70348985bd2ca389905cf19', 1, 'boleto', 1, 78.15),
('b2bd1f09c1b8a4a36940f6f6e49d5dec', 3, 'voucher', 1, 29.13),
('5ff96c15d0b717ac6ad1f3d77225a350', 1, 'credit_card', 3, 32.7),
('43d88b0e949865904334dd5b3ca63f50', 1, 'credit_card', 2, 58.28),
('6a0a8bfbbe700284feb0845d95e0867f', 1, 'credit_card', 5, 101.74),
('37104fd8b73d0691fda9491fe8906808', 1, 'boleto', 1, 122.22),
('9885fff91f7c807525f8320e5292a3db', 1, 'boleto', 1, 156.67),
('ad21c59c0840e6cb83a9ceb5573f8159', 1, 'credit_card', 1, 28.62),
('9344ccd01ff5fa7ec2aef0ee7e1c49c3', 1, 'boleto', 1, 51.79),
('b01875821b8dcb6abc61776f0f971bce', 1, 'credit_card', 10, 142.16),
('f848643eec1d69395095eb3840d2051e', 1, 'credit_card', 4, 88.9),
('e6190dea235662449d160357e46eaec8', 1, 'credit_card', 2, 89.88),
('06a6627d9cc91a04e9d146bf65fee0a2', 1, 'credit_card', 1, 113.62),
('80d817467dc3d0a4bb5ab8986c962b1f', 1, 'credit_card', 1, 132.88),
('9defaf92cff22420e4e8ef7784815a55', 1, 'credit_card', 6, 62.69),
('20e0101b20700188cadb288126949685', 1, 'credit_card', 5, 105.56),
('62a12e4d2a742b2491d7c00d2d79bf52', 1, 'credit_card', 10, 299.72),
('41bb5cee06dbf170878a9ef93ac7e7f5', 1, 'credit_card', 2, 23.69),
('b2bd1f09c1b8a4a36940f6f6e49d5dec', 1, 'credit_card', 1, 23.09),
('b16cec67cb3f5a4bb31abe8988b43d19', 1, 'credit_card', 2, 141.67),
('974c1993ab8024d3ed16229183c2308d', 1, 'boleto', 1, 84.56),
('77e9941864fc840be8e4b1ba5347c0f7', 1, 'credit_card', 1, 103.27),
('ee990334acb0ff9333b01afa465f3006', 1, 'boleto', 1, 445.32),
('bd4bd0194d6d29f83b8557d4b89b572a', 1, 'boleto', 1, 37.83),
('7c18eddfcd24680d80a502346221614e', 1, 'credit_card', 10, 423.67),
('af5b0604e113e1526593d505a26ef39d', 1, 'voucher', 1, 28.62),
('1c35ac660d7ef6691b25d20df3d6eccb', 1, 'credit_card', 7, 74.03),
('acce194856392f074dbf9dada14d8d82', 1, 'credit_card', 10, 227.68),
('36ebb4199031e72a1fa964549b88c377', 1, 'voucher', 1, 133.25),
('89165e6d4c28047da0adf13ac8b3e1b3', 1, 'credit_card', 1, 118.35),
('2ce1ad82022c1ba30c2079502ac725aa', 1, 'boleto', 1, 130.56),
('b2bd1f09c1b8a4a36940f6f6e49d5dec', 2, 'voucher', 1, 162.92),
('780fe22baa36991bdbb1559f5b549596', 1, 'credit_card', 5, 52.51),
('e481f51cbdc54678b7cc49136f2d6af7', 2, 'voucher', 1, 18.59),
('85ce859fd6dc634de8d2f1e290444043', 1, 'credit_card', 1, 29.75),
('83018ec114eee8641c97e08f7b4e926f', 1, 'credit_card', 1, 5.96),
('9d531c565e28c3e0d756192f84d8731f', 1, 'credit_card', 4, 40.09),
('af66c46c49bdb3bf2f862efb1eb67d81', 1, 'credit_card', 1, 59.85),
('58d4c4747ee059eeeb865b349b41f53a', 1, 'boleto', 1, 35.36),
('abc5ec9ecaec740b498a37f19c29a8c0', 1, 'credit_card', 1, 141.06),
('ec341c54a5ebf8ee0a67a8632aa7579b', 1, 'credit_card', 2, 29.92),
('5820a1100976432c7968a52da59e9364', 1, 'credit_card', 1, 52.24),
('a685d016c8a26f71a0bb67821070e398', 1, 'boleto', 1, 99.26),
('f4471dae8c482f51aa1826cd9f5d4433', 1, 'credit_card', 8, 232.14),
('0e782c3705510e717d28907746cbda82', 1, 'credit_card', 1, 37.38),
('82bce245b1c9148f8d19a55b9ff70644', 1, 'boleto', 1, 267.8),
('6ebaec694d7025e2ad4a05dba887c032', 1, 'credit_card', 7, 153.72),
('dd78f560c270f1909639c11b925620ea', 1, 'credit_card', 2, 60.69),
('8eeda294fab8a5ed70259afb59a10ff8', 1, 'boleto', 1, 187.2),
('116f0b09343b49556bbad5f35bee0cdf', 1, 'credit_card', 4, 43.09),
('66e4624ae69e7dc89bd50222b59f581f', 1, 'credit_card', 9, 91.68),
('3f849648ffbabb0562c7668f212e3e88', 1, 'credit_card', 1, 86.36),
('6ea2f835b4556291ffdc53fa0b3b95e8', 1, 'credit_card', 10, 356.12),
('82566a660a982b15fb86e904c8d32918', 1, 'boleto', 1, 50.13);
INSERT INTO order_payments (order_id, payment_sequential, payment_type, payment_installments, payment_value) VALUES
('f346ad4ee8f630e5e4ddaf862a34e6dd', 1, 'credit_card', 1, 53.66),
('b52cc4919de82b4d696a4380d10804a3', 1, 'boleto', 1, 55.02),
('6d25592267349b322799e2beb687871e', 1, 'boleto', 1, 201.82),
('95cf9f239f724799131f7ca949209bd9', 1, 'credit_card', 1, 97.88),
('210e60465099814a1d2c7635e4065153', 1, 'credit_card', 8, 231.79),
('25f4376934e13d3508486352e11a5db0', 1, 'credit_card', 5, 82.33),
('b6b3633f97c686d8e188ac6fa29ff20d', 1, 'credit_card', 7, 698.85),
('d887b52c6516beb39e8cd44a5f8b60f7', 1, 'credit_card', 1, 100.25),
('47aa4816b27ba60ec948cd019cc1afc1', 1, 'boleto', 1, 71.91);

-- ============================================================
-- REQUÊTES SELECT
-- ============================================================

-- Requête 1 : CA par état
SELECT c.customer_state, COUNT(DISTINCT o.order_id) AS nb_commandes,
       ROUND(SUM(p.payment_value), 2) AS ca_total
FROM customers c
JOIN orders o         ON c.customer_id = o.customer_id
JOIN order_payments p ON o.order_id    = p.order_id
WHERE o.order_status = 'delivered'
GROUP BY c.customer_state ORDER BY ca_total DESC;

-- Requête 2 : Top 5 catégories
SELECT pr.product_category, COUNT(oi.order_id) AS nb_ventes,
       ROUND(SUM(oi.price), 2) AS revenus
FROM products pr
JOIN order_items oi ON pr.product_id = oi.product_id
GROUP BY pr.product_category
HAVING nb_ventes >= 2
ORDER BY revenus DESC LIMIT 5;

-- Requête 3 : Clients multi-commandes
SELECT c.customer_id, c.customer_city, nb.total_commandes
FROM customers c
JOIN (
    SELECT customer_id, COUNT(*) AS total_commandes
    FROM orders WHERE order_status != 'canceled'
    GROUP BY customer_id HAVING total_commandes > 1
) AS nb ON c.customer_id = nb.customer_id
ORDER BY nb.total_commandes DESC;

-- Requête 4 : Jointure 3 tables
SELECT o.order_id, c.customer_city, c.customer_state,
       p.payment_type, ROUND(p.payment_value, 2) AS montant
FROM orders o
JOIN customers c       ON o.customer_id = c.customer_id
JOIN order_payments p  ON o.order_id    = p.order_id
WHERE o.order_status = 'delivered'
ORDER BY o.order_purchase_timestamp DESC;

-- Requête 5 : CTE paiements
WITH paiements_stats AS (
    SELECT payment_type, COUNT(*) AS nb,
           ROUND(AVG(payment_value), 2) AS moyenne
    FROM order_payments GROUP BY payment_type
)
SELECT * FROM paiements_stats ORDER BY moyenne DESC;

SELECT 'customers' AS table_name, COUNT(*) AS nb_lignes FROM customers
UNION ALL SELECT 'products',       COUNT(*) FROM products
UNION ALL SELECT 'orders',         COUNT(*) FROM orders
UNION ALL SELECT 'order_items',    COUNT(*) FROM order_items
UNION ALL SELECT 'order_payments', COUNT(*) FROM order_payments;